dataset_index,speaker_id,speech_status,gender,fold,filename,reference,prediction,reference_normalized,prediction_normalized,wer,cer,error
14025,M03,dysarthria,male,4,M03_2_arrayMic_0387.wav,quebec, Quebec.,quebec,quebec,0.0,0.0,
13789,F01,dysarthria,female,1,F01_1_arrayMic_0020.wav,Usually minus several buttons, I'm going to buy you several buttons.,usually minus several buttons,im going to buy you several buttons,1.25,0.5862068965517241,
13611,M01,dysarthria,male,3,M01_1_arrayMic_0093.wav,for, boyyyyyyyyyyyyyyyyyyyyyyyyyyyyyyyyyyyyyyyyyyyyyyyyyyyyyyyyyyyyyyyyyyyyyyyyyyyyyyyyyyyyyyyyyyyyyyyyyyyyyyyyyyyyyyyyyyyyyyyyyyyyyyyyyyyyyyyyyyyyyyyyyyyyyyyyyyyyyyyyyyyyyyyyyyyyyyyyyyyyyyyyyyyyyyyyyyyyyyyyyyyyyyyyyyyyyyyyyyyyyyyyyyyyyyyyyyyyyyyyyyyyyyyyyyyyyyyyyyyyyyyyyyyyyyyyyyyyyyyyyyyyyyyyyyyyyyyyyyyyyyyyyyyyyyyyyyyyyyyyyyyyyyyyyyyyyyyyyyyyyyyyyyyyyyyyyyyyyyyyyyyyyyyyyyyyyyyyyyyyyyyyyyyyyyyyyyyyyyyyyyyyyyyyyyyyyyyyyyyyyyyyyyyyyyyyyyyyyyyyyyyyyyyyyyyyyyyyyyyyyyyyyyyyyyyyyyyyyyyyyyyyyyyyyyyyyyyyyyyyyyyyyyyyyyyyyyyyyyyyyyyyyyyyyyyyyyyyyyyyyyyyyyyyyyyyyyyyyyyyyyyyyyyyyyyyyyyyyyyyyyyyyyyyyyyyyyyyyyyyyyyyyyyyyyyyyyyyyyyyyyyyyyyyyyyyyyyyyyyyyyyyyyyyyyyyyyyyyyyyyyyyyyyyyyyyyyyyyyyyyyyyyyyyyyyyyyyyyyyyyyyyyyyyyyyyyyyyyyyyyyyyyyyyyyyyyyyyyyyyyyyyyyyyyyyyyyyyyyyyyyyyyyyyyyyyyyyyyyyyyyyyyyyyyyyyyyyyyyyyyyyyyyyyyyyyyyyyyyyyyyyyyyyyyyyyyyyyyyyyyyyyyyyyyyyyyyyyyyyyyyyyyyyyyyyyyyyyyyyyyyyyyyy,for,boyyyyyyyyyyyyyyyyyyyyyyyyyyyyyyyyyyyyyyyyyyyyyyyyyyyyyyyyyyyyyyyyyyyyyyyyyyyyyyyyyyyyyyyyyyyyyyyyyyyyyyyyyyyyyyyyyyyyyyyyyyyyyyyyyyyyyyyyyyyyyyyyyyyyyyyyyyyyyyyyyyyyyyyyyyyyyyyyyyyyyyyyyyyyyyyyyyyyyyyyyyyyyyyyyyyyyyyyyyyyyyyyyyyyyyyyyyyyyyyyyyyyyyyyyyyyyyyyyyyyyyyyyyyyyyyyyyyyyyyyyyyyyyyyyyyyyyyyyyyyyyyyyyyyyyyyyyyyyyyyyyyyyyyyyyyyyyyyyyyyyyyyyyyyyyyyyyyyyyyyyyyyyyyyyyyyyyyyyyyyyyyyyyyyyyyyyyyyyyyyyyyyyyyyyyyyyyyyyyyyyyyyyyyyyyyyyyyyyyyyyyyyyyyyyyyyyyyyyyyyyyyyyyyyyyyyyyyyyyyyyyyyyyyyyyyyyyyyyyyyyyyyyyyyyyyyyyyyyyyyyyyyyyyyyyyyyyyyyyyyyyyyyyyyyyyyyyyyyyyyyyyyyyyyyyyyyyyyyyyyyyyyyyyyyyyyyyyyyyyyyyyyyyyyyyyyyyyyyyyyyyyyyyyyyyyyyyyyyyyyyyyyyyyyyyyyyyyyyyyyyyyyyyyyyyyyyyyyyyyyyyyyyyyyyyyyyyyyyyyyyyyyyyyyyyyyyyyyyyyyyyyyyyyyyyyyyyyyyyyyyyyyyyyyyyyyyyyyyyyyyyyyyyyyyyyyyyyyyyyyyyyyyyyyyyyyyyyyyyyyyyyyyyyyyyyyyyyyyyyyyyyyyyyyyyyyyyyyyyyyyyyyyyyyyyyyyyyyyyyyyyyyyyyyyyyyyyyyyyyyyyyyyyy,1.0,296.0,
10071,MC04,healthy,male,5,MC04_1_arrayMic_0332.wav,fat, fat.,fat,fat,0.0,0.0,
10958,MC04,healthy,male,5,MC04_1_headMic_0093.wav,no, No.,no,no,0.0,0.0,
8917,MC03,healthy,male,2,MC03_1_headMic_0300.wav,thought, Thought.,thought,thought,0.0,0.0,
6852,MC01,healthy,male,1,MC01_3_headMic_0046.wav,six, 6,six,6,1.0,1.0,
12304,M02,dysarthria,male,1,M02_1_headMic_0161.wav,mut, What?,mut,what,1.0,1.0,
1992,FC02,healthy,female,4,FC02_3_headMic_0050.wav,lick, Lick.,lick,lick,0.0,0.0,
179,FC01,healthy,female,4,FC01_1_headMic_0041.wav,weed, Weed.,weed,weed,0.0,0.0,
4156,FC03,healthy,female,3,FC03_1_headMic_0212.wav,My sister made the flowered curtains, My sister made the flower curtains.,my sister made the flowered curtains,my sister made the flower curtains,0.16666666666666666,0.05555555555555555,
5328,MC02,healthy,male,5,MC02_1_headMic_0341.wav,pretty, Pretty.,pretty,pretty,0.0,0.0,
13152,M01,dysarthria,male,3,M01_3_arrayMic_0274.wav,witty, What will it be?,witty,what will it be,4.0,2.4,
5242,MC02,healthy,male,5,MC02_1_headMic_0348.wav,thorn, Thorned.,thorn,thorned,1.0,0.4,
12985,M04,dysarthria,male,3,M04_1_arrayMic_0006.wav,spark, Fuck.,spark,fuck,1.0,0.8,
60,FC01,healthy,female,4,FC01_1_arrayMic_0140.wav,We gathered shells on the beach, We gathered shells on the beach.,we gathered shells on the beach,we gathered shells on the beach,0.0,0.0,
11910,M02,dysarthria,male,1,M02_1_arrayMic_0094.wav,storm, Stomp!,storm,stomp,1.0,0.4,
11599,M02,dysarthria,male,1,M02_2_arrayMic_0108.wav,pitting, There you go.,pitting,there you go,3.0,1.5714285714285714,
709,FC02,healthy,female,4,FC02_3_arrayMic_0659.wav,You have to expect a few bad calls, You have to expect a few bad calls.,you have to expect a few bad calls,you have to expect a few bad calls,0.0,0.0,
5509,MC02,healthy,male,5,MC02_1_headMic_0153.wav,near, Near,near,near,0.0,0.0,
13810,F01,dysarthria,female,1,F01_1_arrayMic_0131.wav,torn, Come on.,torn,come on,2.0,1.25,
12692,M04,dysarthria,male,3,M04_2_headMic_0147.wav,Two other cases also were under advisement, Two other kids out over under an abetment.,two other cases also were under advisement,two other kids out over under an abetment,0.7142857142857143,0.38095238095238093,
7149,MC01,healthy,male,1,MC01_1_arrayMic_0052.wav,trouble, Crumble.,trouble,crumble,1.0,0.42857142857142855,
9341,MC03,healthy,male,2,MC03_1_headMic_0204.wav,knot, Not.,knot,not,1.0,0.25,
13368,M01,dysarthria,male,3,M01_3_headMic_0178.wav,tell, D'oh.,tell,doh,1.0,1.0,
3178,FC03,healthy,female,3,FC03_2_headMic_0341.wav,she, She.,she,she,0.0,0.0,
8406,MC03,healthy,male,2,MC03_1_arrayMic_0537.wav,Stimulating discussions keep students' attention, Stimulating discussions keep students' attention.,stimulating discussions keep students attention,stimulating discussions keep students attention,0.0,0.0,
11249,M05,dysarthria,male,2,M05_2_headMic_0310.wav,sit, Shit.,sit,shit,1.0,0.3333333333333333,
2040,FC02,healthy,female,4,FC02_3_headMic_0831.wav,peach, Peach.,peach,peach,0.0,0.0,
13286,M01,dysarthria,male,3,M01_3_headMic_0201.wav,pit, Bid.,pit,bid,1.0,0.6666666666666666,
325,FC02,healthy,female,4,FC02_2_arrayMic_0232.wav,shoot, Shoot.,shoot,shoot,0.0,0.0,
9426,MC04,healthy,male,5,MC04_2_arrayMic_1016.wav,hate, Hate.,hate,hate,0.0,0.0,
14440,M03,dysarthria,male,4,M03_2_headMic_0395.wav,dress, Dress.,dress,dress,0.0,0.0,
6962,MC01,healthy,male,1,MC01_3_headMic_0134.wav,pill, Pill.,pill,pill,0.0,0.0,
11242,M05,dysarthria,male,2,M05_2_headMic_0379.wav,knot, Not.,knot,not,1.0,0.25,
9,FC01,healthy,female,4,FC01_1_arrayMic_0134.wav,wish, Wish.,wish,wish,0.0,0.0,
15073,F04,dysarthria,female,5,F04_2_headMic_0205.wav,park, Park,park,park,0.0,0.0,
14813,F04,dysarthria,female,5,F04_2_arrayMic_0133.wav,pretty, Pretty.,pretty,pretty,0.0,0.0,
5407,MC02,healthy,male,5,MC02_1_headMic_0136.wav,though, though,though,though,0.0,0.0,
3103,FC03,healthy,female,3,FC03_2_headMic_0183.wav,bill, Bill.,bill,bill,0.0,0.0,
10266,MC04,healthy,male,5,MC04_1_arrayMic_0425.wav,xray, x-ray.,xray,xray,0.0,0.0,
4887,MC02,healthy,male,5,MC02_1_arrayMic_0048.wav,read, Read.,read,read,0.0,0.0,
223,FC01,healthy,female,4,FC01_1_headMic_0066.wav,alpha, Alpha.,alpha,alpha,0.0,0.0,
11517,M05,dysarthria,male,2,M05_1_headMic_0032.wav,left, It's the left.,left,its the left,2.0,2.0,
7386,MC01,healthy,male,1,MC01_1_headMic_0038.wav,feet, feet,feet,feet,0.0,0.0,
4267,FC03,healthy,female,3,FC03_1_headMic_0293.wav,take, Cake.,take,cake,1.0,0.25,
14498,M03,dysarthria,male,4,M03_2_headMic_0252.wav,brawn, Bronn.,brawn,bronn,1.0,0.4,
7574,MC01,healthy,male,1,MC01_1_headMic_0022.wav,beat, Beat.,beat,beat,0.0,0.0,
15496,F03,dysarthria,female,2,F03_2_arrayMic_0103.wav,city, Frivvi.,city,frivvi,1.0,1.25,
1069,FC02,healthy,female,4,FC02_3_arrayMic_0188.wav,nut, Na.,nut,na,1.0,0.6666666666666666,
7607,MC01,healthy,male,1,MC01_1_headMic_0160.wav,though, Though...,though,though,0.0,0.0,
246,FC01,healthy,female,4,FC01_1_headMic_0093.wav,up, Up.,up,up,0.0,0.0,
2551,FC03,healthy,female,3,FC03_2_arrayMic_0359.wav,ape, Ape.,ape,ape,0.0,0.0,
8714,MC03,healthy,male,2,MC03_1_arrayMic_0548.wav,stretch, Stretch.,stretch,stretch,0.0,0.0,
579,FC02,healthy,female,4,FC02_3_arrayMic_0112.wav,blow, below.,blow,below,1.0,0.25,
12263,M02,dysarthria,male,1,M02_1_headMic_0209.wav,pile, Pyron.,pile,pyron,1.0,1.0,
119,FC01,healthy,female,4,FC01_1_arrayMic_0115.wav,share, Share.,share,share,0.0,0.0,
15173,F04,dysarthria,female,5,F04_2_headMic_0014.wav,This was easy for us, This was easy for us.,this was easy for us,this was easy for us,0.0,0.0,
8489,MC03,healthy,male,2,MC03_1_arrayMic_0084.wav,for, for.,for,for,0.0,0.0,
12942,M04,dysarthria,male,3,M04_1_arrayMic_0079.wav,beat, Bipid.,beat,bipid,1.0,1.0,
13870,F01,dysarthria,female,1,F01_1_headMic_0087.wav,alpha, Oppa.,alpha,oppa,1.0,0.6,
11098,M05,dysarthria,male,2,M05_2_headMic_0097.wav,lip, Yep.,lip,yep,1.0,0.6666666666666666,
13747,F01,dysarthria,female,1,F01_1_arrayMic_0115.wav,feed, Where?,feed,where,1.0,1.0,
10755,MC04,healthy,male,5,MC04_1_headMic_0077.wav,left, Left.,left,left,0.0,0.0,
13914,F01,dysarthria,female,1,F01_1_headMic_0093.wav,A long flowing beard clings to his chin, along for me a queen's king king king king king king king king king king king king king king king king king king king king king king king king king king king king king king king king king king king king king king king king king king king king king king king king king king king king king king king king king king king king king king king king king king king king king king king king king king king king king king king king king king king king king king king king king king king king king king king king king king king king king king king king king king king king king king king king king king king king king king king king king king king king king king king king king king king king king king king king king king king king king king king king king king king king king king king king king king king king king king king king king king king king king king king king king king king king king king king king king king king king king king king king king king king king king king king king king king king king king king king king king king king king king king king king king king king king king king king king king king king king king king king king king king king king king king king king king king king king king king king king king king king king king king king king king king king king king king king king king king king king king king king king king king king king king king king king king king king king king king king king king king king king king king king king king king king king king king king king king king king king king king king king king king king king king king king king king king king king king king king king king king king king king king king king king king king king king king king king king king king king king king king king king king king king king king king king king king king king king king king king king king king king king king king king king king king king king king king king king king king king king king king king king king king king king king king king king king king king king king king king king king king king king king king king king king king king king king king king king king king king king king king king king king king king king king king king king king king king king king,a long flowing beard clings to his chin,along for me a queens king king king king king king king king king king king king king king king king king king king king king king king king king king king king king king king king king king king king king king king king king king king king king king king king king king king king king king king king king king king king king king king king king king king king king king king king king king king king king king king king king king king king king king king king king king king king king king king king king king king king king king king king king king king king king king king king king king king king king king king king king king king king king king king king king king king king king king king king king king king king king king king king king king king king king king king king king king king king king king king king king king king king king king king king king king king king king king king king king king king king king king king king king king king king king king king king king king king king king king king king king king king king king king king king king king king king king king king king king king king king king king king king king king king king king king king king king king king king king king king king king king king king king king king king king king king king king king king king king king king king king king king king king king king king king king king king king king king king king king king king king king king king king king king king king king king king king king king king king king king king king king king king king king king king king king king king king king king king king king king king king king king king king king king king king king king king king king king king king king king king king king king king king king king king king king king king king king king king king king king king king king king king king king king king king king king king king king king king king king king king king king king king king king king king king king king king king king king king king king king king king king king king king king king king king king king king king king king king king king king king king king king king king king king king king king king king king king king king king king,55.25,56.17948717948718,
15068,F04,dysarthria,female,5,F04_2_headMic_0101.wav,When all else fails use force," When all else fails, use force.",when all else fails use force,when all else fails use force,0.0,0.0,
9968,MC04,healthy,male,5,MC04_1_arrayMic_0099.wav,feet, Feet.,feet,feet,0.0,0.0,
15217,F04,dysarthria,female,5,F04_2_headMic_0024.wav,though, So...,though,so,1.0,0.8333333333333334,
15873,F03,dysarthria,female,2,F03_3_arrayMic_0135.wav,Etiquette mandates compliance with existing regulations, I click mandate compliance with the existing regulations.,etiquette mandates compliance with existing regulations,i click mandate compliance with the existing regulations,0.6666666666666666,0.23636363636363636,
11344,M05,dysarthria,male,2,M05_1_arrayMic_0089.wav,he dresses himself in an ancient black frock coat, He dresses himself in an ancient black frock coat.,he dresses himself in an ancient black frock coat,he dresses himself in an ancient black frock coat,0.0,0.0,
11675,M02,dysarthria,male,1,M02_2_arrayMic_0082.wav,yes," Yeah, that's true.",yes,yeah thats true,3.0,4.0,
8741,MC03,healthy,male,2,MC03_1_arrayMic_0431.wav,Nobody really expects to evacuate, Nobody really expects to evacuate.,nobody really expects to evacuate,nobody really expects to evacuate,0.0,0.0,
16506,F03,dysarthria,female,2,F03_1_headMic_0071.wav,trait, Trick.,trait,trick,1.0,0.6,
9569,MC04,healthy,male,5,MC04_2_arrayMic_0811.wav,racks, Racks.,racks,racks,0.0,0.0,
11099,M05,dysarthria,male,2,M05_2_headMic_0072.wav,dot, Duh.,dot,duh,1.0,0.6666666666666666,
16402,F03,dysarthria,female,2,F03_1_headMic_0173.wav,whoop, Oop.,whoop,oop,1.0,0.4,
11906,M02,dysarthria,male,1,M02_1_arrayMic_0083.wav,double, Don't bow.,double,dont bow,2.0,0.8333333333333334,
4702,MC02,healthy,male,5,MC02_2_arrayMic_0227.wav,boot, Ooh.,boot,ooh,1.0,0.5,
11544,M05,dysarthria,male,2,M05_1_headMic_0046.wav,rake, Rick!,rake,rick,1.0,0.75,
15486,F03,dysarthria,female,2,F03_2_arrayMic_0005.wav,loop, Looper.,loop,looper,1.0,0.5,
15115,F04,dysarthria,female,5,F04_2_headMic_0097.wav,spit, spit,spit,spit,0.0,0.0,
14078,M03,dysarthria,male,4,M03_2_arrayMic_0404.wav,The wait for work can be very long, The wait for work can be very long.,the wait for work can be very long,the wait for work can be very long,0.0,0.0,
9026,MC03,healthy,male,2,MC03_1_headMic_0598.wav,gas, You got it.,gas,you got it,3.0,3.0,
5227,MC02,healthy,male,5,MC02_1_headMic_0073.wav,warm, Warm.,warm,warm,0.0,0.0,
228,FC01,healthy,female,4,FC01_1_headMic_0060.wav,hair, Hair.,hair,hair,0.0,0.0,
13756,F01,dysarthria,female,1,F01_1_arrayMic_0032.wav,She had your dark suit in greasy wash water all year," She has been nice to me, and we see what's going on here.",she had your dark suit in greasy wash water all year,she has been nice to me and we see whats going on here,1.0909090909090908,0.6730769230769231,
4269,FC03,healthy,female,3,FC03_1_headMic_0377.wav,echo, Echo,echo,echo,0.0,0.0,
111,FC01,healthy,female,4,FC01_1_arrayMic_0068.wav,trade, trade,trade,trade,0.0,0.0,
7207,MC01,healthy,male,1,MC01_1_arrayMic_0295.wav,witty, wishy,witty,wishy,1.0,0.4,
12573,M04,dysarthria,male,3,M04_2_arrayMic_0191.wav,Will Robin wear a yellow lily, Wa Allah bani wa l-hayyi Ya Rabbi.,will robin wear a yellow lily,wa allah bani wa lhayyi ya rabbi,1.1666666666666667,0.7931034482758621,
12774,M04,dysarthria,male,3,M04_2_headMic_0084.wav,tip, dip,tip,dip,1.0,0.3333333333333333,
13547,M01,dysarthria,male,3,M01_3_headMic_0213.wav,and, And...,and,and,0.0,0.0,
14106,M03,dysarthria,male,4,M03_2_arrayMic_0007.wav,race, Race.,race,race,0.0,0.0,
14694,M03,dysarthria,male,4,M03_2_headMic_0079.wav,read, Read.,read,read,0.0,0.0,
3224,FC03,healthy,female,3,FC03_2_headMic_0222.wav,snake, Snake.,snake,snake,0.0,0.0,
15686,F03,dysarthria,female,2,F03_2_headMic_0047.wav,sprinkle, Sprinkle.,sprinkle,sprinkle,0.0,0.0,
13670,M01,dysarthria,male,3,M01_1_headMic_0018.wav,Well he is nearly ninetythree years old," Wow, it is nearly 90 years old.",well he is nearly ninetythree years old,wow it is nearly 90 years old,0.42857142857142855,0.41025641025641024,
1015,FC02,healthy,female,4,FC02_3_arrayMic_0023.wav,reek, Reek.,reek,reek,0.0,0.0,
12817,M04,dysarthria,male,3,M04_2_headMic_0287.wav,spit, bit,spit,bit,1.0,0.5,
13811,F01,dysarthria,female,1,F01_1_arrayMic_0118.wav,knew, new,knew,new,1.0,0.25,
