fold,representation,accuracy,balanced_accuracy,macro_f1,auroc,sensitivity,specificity
1,Acoustic,0.9038887132469174,0.886168195042905,0.8886232516591517,0.9666864619010791,0.8373015873015873,0.9350348027842227
1,HuBERT,0.9269680682895984,0.9334670662541892,0.9186026471939167,0.9857092218171104,0.9513888888888888,0.9155452436194895
1,HuBERT + Acoustic,0.9247549794498894,0.9276187253710455,0.9156537869600254,0.9825447464368579,0.935515873015873,0.9197215777262181
1,Residual HuBERT,0.8058804932026558,0.8142424409825801,0.7903454598214363,0.905096582329761,0.8373015873015873,0.7911832946635731
2,Acoustic,0.6419383787017648,0.6423845326220711,0.6072121114141261,0.7005543493589261,0.34408602150537637,0.9406830437387658
2,HuBERT,0.7681723003290458,0.7685050964492005,0.7562276011335665,0.9303382075130657,0.5459976105137395,0.9910125823846615
2,HuBERT + Acoustic,0.7517200119653006,0.7520782732132004,0.7367576685603258,0.9116154945799895,0.5125448028673835,0.9916117435590174
2,Residual HuBERT,0.693688303918636,0.6938155757566646,0.6915086735789995,0.7588114990268106,0.6087216248506571,0.7789095266626722
3,Acoustic,0.634644250975683,0.6553667924868303,0.6342307333824355,0.740747196002508,0.7899219304471257,0.5208116545265349
3,HuBERT,0.6508555989192435,0.6959351175622153,0.6384091602132871,0.9477048097963958,0.9886444286728177,0.4032258064516129
3,HuBERT + Acoustic,0.6475532873011107,0.6931682309872095,0.6344350963785593,0.9514818149121635,0.9893541518807665,0.3969823100936524
3,Residual HuBERT,0.6964875412788952,0.7225011797948228,0.6954757870660531,0.8578456171083912,0.8914123491838183,0.5535900104058272
4,Acoustic,0.6277659896938467,0.5784265583381694,0.5604540443888932,0.6840220426667462,0.48148148148148145,0.6753716351948573
4,HuBERT,0.7444680206123068,0.6187072501723634,0.6265074868202553,0.6828467479130397,0.37160493827160496,0.8658095620731218
4,HuBERT + Acoustic,0.7453773870869961,0.6134803009786269,0.6219517785111844,0.6740780421508961,0.35432098765432096,0.8726396143029329
4,Residual HuBERT,0.6686874810548651,0.5568270761721947,0.5563613085507384,0.5874385568104599,0.337037037037037,0.7766171153073523
5,Acoustic,0.5945550351288056,0.7010044208166784,0.567727484740547,0.7651241387641323,0.8766716196136701,0.5253372220196865
5,HuBERT,0.5884074941451991,0.596257717198824,0.5315598740499813,0.631581997996792,0.6092124814264487,0.5833029529711994
5,HuBERT + Acoustic,0.6059718969555035,0.606073327811601,0.5446028045251146,0.6491406736260719,0.6062407132243685,0.6059059423988334
5,Residual HuBERT,0.4923887587822014,0.37163516047060763,0.38082795940357217,0.2607366366582721,0.1723625557206538,0.5709077652205614
