experiment,fold,n_features,features,accuracy,balanced_accuracy,macro_f1,roc_auc,sensitivity,specificity,tn,fp,fn,tp
duration_only,1,1,audio_duration,0.4957319000948467,0.45779379810702314,0.4558805146727729,0.4234605752587191,0.3531746031746032,0.5624129930394431,1212,943,652,356
duration_only,2,1,audio_duration,0.5734370326054442,0.5737913158137747,0.5482744073605476,0.6501183289631075,0.33691756272401435,0.8106650689035351,1353,316,1110,564
duration_only,3,1,audio_duration,0.612428700090063,0.5885686190086179,0.5875560366403212,0.6354365683959738,0.43364088005677787,0.7434963579604579,1429,493,798,611
duration_only,4,1,audio_duration,0.5680509245225825,0.5192816292923431,0.5036901699387999,0.5880265761945151,0.42345679012345677,0.6151064684612294,1531,958,467,343
duration_only,5,1,audio_duration,0.607728337236534,0.5438124546664507,0.5161708343638951,0.6032486312586028,0.43833580980683506,0.6492890995260664,1781,962,378,295
timing,1,5,"voiced_duration,speech_ratio,pause_ratio,number_of_pauses,mean_pause_duration",0.8049320265570661,0.8106422402681104,0.7885660598413745,0.8786699443892019,0.8263888888888888,0.7948955916473318,1713,442,175,833
timing,2,5,"voiced_duration,speech_ratio,pause_ratio,number_of_pauses,mean_pause_duration",0.592282381094825,0.5926165733564408,0.5710355369030625,0.6248823331923121,0.36917562724014336,0.8160575194727382,1362,307,1056,618
timing,3,5,"voiced_duration,speech_ratio,pause_ratio,number_of_pauses,mean_pause_duration",0.7184028820174122,0.7201807320119139,0.7155945749135263,0.7510077183322021,0.7317246273953159,0.708636836628512,1362,560,378,1031
timing,4,5,"voiced_duration,speech_ratio,pause_ratio,number_of_pauses,mean_pause_duration",0.6126098817823583,0.7282799875005581,0.6044791997352263,0.7288970234463739,0.9555555555555556,0.5010044194455605,1247,1242,36,774
timing,5,5,"voiced_duration,speech_ratio,pause_ratio,number_of_pauses,mean_pause_duration",0.4733606557377049,0.6255396012760294,0.46459858685510924,0.7295040895669053,0.8766716196136701,0.3744075829383886,1027,1716,83,590
prosody,1,2,"f0_mean,f0_std",0.8033512488144167,0.812122279306154,0.787849607442419,0.8908375685927891,0.8363095238095238,0.7879350348027843,1698,457,165,843
prosody,2,2,"f0_mean,f0_std",0.5507029614119054,0.5506303719595433,0.5496057559346506,0.5947648202910191,0.5991636798088411,0.5020970641102457,838,831,671,1003
prosody,3,2,"f0_mean,f0_std",0.43590513359351546,0.4560615974754237,0.4338230139296594,0.450326022174973,0.5869410929737402,0.3251821019771072,625,1297,582,827
prosody,4,2,"f0_mean,f0_std",0.5953319187632616,0.46115996805698156,0.4616372874332343,0.4609010510443482,0.19753086419753085,0.7247890719164323,1804,685,650,160
prosody,5,2,"f0_mean,f0_std",0.6370023419203747,0.6197886393516063,0.5662069406234076,0.6659783460696117,0.5913818722139673,0.6481954064892453,1778,965,275,398
energy,1,2,"rms_mean,rms_std",0.8400252924438824,0.7738251758553383,0.7963339349868115,0.9061949876625052,0.5912698412698413,0.9563805104408353,2061,94,412,596
energy,2,2,"rms_mean,rms_std",0.5527968890218367,0.5533448512584174,0.4838260073855922,0.6855212738009081,0.1869772998805257,0.9197124026363092,1535,134,1361,313
energy,3,2,"rms_mean,rms_std",0.7135995196637647,0.7272895958713459,0.713446397499935,0.8224894372360233,0.8161816891412349,0.6383975026014568,1227,695,259,1150
energy,4,2,"rms_mean,rms_std",0.6556532282509852,0.660200685485271,0.6144045370176023,0.7269635780148704,0.6691358024691358,0.6512655685014062,1621,868,268,542
energy,5,2,"rms_mean,rms_std",0.6071428571428571,0.5832547416387195,0.5354449472096531,0.6645623413156494,0.5438335809806835,0.6226759022967554,1708,1035,307,366
acoustic_without_duration,1,9,"voiced_duration,speech_ratio,pause_ratio,number_of_pauses,mean_pause_duration,f0_mean,f0_std,rms_mean,rms_std",0.9276003793866582,0.9199384045961772,0.9171789288088926,0.9760578941553418,0.8988095238095238,0.9410672853828306,2028,127,102,906
acoustic_without_duration,2,9,"voiced_duration,speech_ratio,pause_ratio,number_of_pauses,mean_pause_duration,f0_mean,f0_std,rms_mean,rms_std",0.6410409811546515,0.6414777376189464,0.6078178341408478,0.7000493216307205,0.34946236559139787,0.9334931096464949,1558,111,1089,585
acoustic_without_duration,3,9,"voiced_duration,speech_ratio,pause_ratio,number_of_pauses,mean_pause_duration,f0_mean,f0_std,rms_mean,rms_std",0.6328429900930651,0.6580681349050146,0.6314057611734465,0.7545890141346435,0.8218594748048261,0.49427679500520294,950,972,251,1158
acoustic_without_duration,4,9,"voiced_duration,speech_ratio,pause_ratio,number_of_pauses,mean_pause_duration,f0_mean,f0_std,rms_mean,rms_std",0.6247347681115489,0.5660077179094187,0.5517741751391596,0.666990064927657,0.4506172839506173,0.6813981518682202,1696,793,445,365
acoustic_without_duration,5,9,"voiced_duration,speech_ratio,pause_ratio,number_of_pauses,mean_pause_duration,f0_mean,f0_std,rms_mean,rms_std",0.6021662763466042,0.7051830974318527,0.5739567555016948,0.7626756531145876,0.87518573551263,0.5351804593510755,1468,1275,84,589
all_acoustic,1,10,"audio_duration,voiced_duration,speech_ratio,pause_ratio,number_of_pauses,mean_pause_duration,f0_mean,f0_std,rms_mean,rms_std",0.9038887132469174,0.886168195042905,0.8886232516591517,0.9666169484034912,0.8373015873015873,0.9350348027842227,2015,140,164,844
all_acoustic,2,10,"audio_duration,voiced_duration,speech_ratio,pause_ratio,number_of_pauses,mean_pause_duration,f0_mean,f0_std,rms_mean,rms_std",0.6416392461860604,0.6420858468395143,0.6068072019937119,0.7005582864992594,0.34348864994026285,0.9406830437387658,1570,99,1099,575
all_acoustic,3,10,"audio_duration,voiced_duration,speech_ratio,pause_ratio,number_of_pauses,mean_pause_duration,f0_mean,f0_std,rms_mean,rms_std",0.6352446712698889,0.6559817997723864,0.634831833245406,0.7406548802886749,0.7906316536550745,0.5213319458896982,1002,920,295,1114
all_acoustic,4,10,"audio_duration,voiced_duration,speech_ratio,pause_ratio,number_of_pauses,mean_pause_duration,f0_mean,f0_std,rms_mean,rms_std",0.6277659896938467,0.5788429583996746,0.56069998742122,0.6841247166545145,0.48271604938271606,0.6749698674166332,1680,809,419,391
all_acoustic,5,10,"audio_duration,voiced_duration,speech_ratio,pause_ratio,number_of_pauses,mean_pause_duration,f0_mean,f0_std,rms_mean,rms_std",0.5939695550351288,0.7006398564710713,0.5672377013505805,0.7650504675145001,0.8766716196136701,0.5246080933284725,1439,1304,83,590
