feature,r2_mean,r2_std,mae_mean,mae_std,pearson_r_mean,pearson_r_std
voiced_duration,0.577899077712195,0.1599786363514605,0.61903328292871,0.03427582620318544,0.7810657106942032,0.09487635668693027
f0_mean,0.5147257159502827,0.09669753354874737,18.30113265402665,4.729982971794128,0.7426957298153475,0.08428533848895113
speech_ratio,0.4835644729617174,0.0756522279621279,0.16432574928562907,0.010197299107501565,0.7429998779891408,0.02483180504887885
pause_ratio,0.4830100692173163,0.07575198688203584,0.16446730210833,0.010000897728439628,0.7427606391771376,0.024685509771450693
audio_duration,0.47418570919480585,0.15950858580473737,0.6995827537399014,0.0954254421160866,0.7763040079632271,0.0945641991312369
rms_mean,0.36741915842709644,0.1913347693538598,0.025551581321643223,0.00905248082025042,0.6599797337017004,0.15729814827265146
f0_std,0.30052333646925955,0.1685469707106506,20.233982050922002,4.124081100898216,0.6148580864254799,0.1049280773910879
rms_std,0.281113112283882,0.2692289916350312,0.030646557360402303,0.008426146122281937,0.6425462018844893,0.1597274053733954
mean_pause_duration,0.11162860172557292,0.1354659426936227,0.08445471114678588,0.009051607961851352,0.4023408406632523,0.1293876895893588
number_of_pauses,-0.3052174783225605,0.6417637622894501,1.072069522338435,0.09532553896584459,0.3792005467647806,0.2060394973987209
