feature,fold,train_samples,test_samples,r2,mae,pearson_r
audio_duration,1,13389,3163,0.7179622022836368,0.7331087682710733,0.879684005579949
audio_duration,2,13209,3343,0.4088290804181133,0.7331834842868454,0.6415263519980655
audio_duration,3,13221,3331,0.5197015329314061,0.5907934497471365,0.7222816500232428
audio_duration,4,13253,3299,0.4361374223681552,0.6168088687562553,0.8057775923857735
audio_duration,5,13136,3416,0.28829830797271794,0.8240191976381968,0.8322504398291045
voiced_duration,1,13389,3163,0.7199756989817058,0.612089079671595,0.8607307089242149
voiced_duration,2,13209,3343,0.4029517890095411,0.6082892192889928,0.6351787190430644
voiced_duration,3,13221,3331,0.7528829907047183,0.611858841635808,0.8691336058386429
voiced_duration,4,13253,3299,0.5805407559028672,0.5857747998158113,0.7839628555361036
voiced_duration,5,13136,3416,0.43314415396214223,0.6771544742313426,0.7563226641289901
speech_ratio,1,13389,3163,0.5017339854502327,0.15611133560598237,0.7570435334997703
speech_ratio,2,13209,3343,0.3626512611990613,0.1558676536414063,0.6993366379032451
speech_ratio,3,13221,3331,0.5334424731744031,0.15891901240408662,0.746568466221905
speech_ratio,4,13253,3299,0.5550400602303922,0.17396103942952656,0.7537113595389362
speech_ratio,5,13136,3416,0.46495458475449747,0.17676970534714348,0.7583393927818475
pause_ratio,1,13389,3163,0.49785667813193846,0.15694397226485698,0.7558061331710947
pause_ratio,2,13209,3343,0.36239842456305005,0.15590704036571232,0.6993331750192245
pause_ratio,3,13221,3331,0.5339073810936475,0.15888399515794913,0.7463712729063134
pause_ratio,4,13253,3299,0.5556661244097317,0.17383571112695304,0.7539125761221945
pause_ratio,5,13136,3416,0.4652217378882135,0.17676579162617856,0.7583800386668608
number_of_pauses,1,13389,3163,0.11358133154912053,1.1298874300226471,0.5134265090429839
number_of_pauses,2,13209,3343,0.11933185301708682,0.9859251437021735,0.38147541010456615
number_of_pauses,3,13221,3331,0.11685553295740392,1.1986596421753812,0.6393658873910106
number_of_pauses,4,13253,3299,-0.542316278312982,0.9743005808428151,0.1287652284893672
number_of_pauses,5,13136,3416,-1.3335398308234319,1.0715748149491584,0.23296969879597518
mean_pause_duration,1,13389,3163,0.2630366174852695,0.07545344276431246,0.5292200197971894
mean_pause_duration,2,13209,3343,0.04852319403146155,0.08702580056586355,0.46992973788242626
mean_pause_duration,3,13221,3331,0.21991788977059612,0.0969899652054979,0.4699281395767168
mean_pause_duration,4,13253,3299,-0.07454979648184867,0.07573099522907921,0.21051200617970983
mean_pause_duration,5,13136,3416,0.10121510382238608,0.08707335196917626,0.3321142998802192
f0_mean,1,13389,3163,0.5679611425932809,19.417284382503034,0.7884219628417225
f0_mean,2,13209,3343,0.36842373957363816,24.394645414169354,0.6119063152379935
f0_mean,3,13221,3331,0.4834102329047396,19.959181129874047,0.703731273223724
f0_mean,4,13253,3299,0.6240721589552354,11.74042734588882,0.8025121190900134
f0_mean,5,13136,3416,0.5297613057245196,15.99412499769798,0.8069069786832841
f0_std,1,13389,3163,0.4993427668119109,20.943725941114987,0.7204005320211184
f0_std,2,13209,3343,0.3952289894752574,26.09405835962885,0.6561129765030351
f0_std,3,13221,3331,0.17103232115088396,19.313227044431862,0.4883397379052385
f0_std,4,13253,3299,0.0863842226104895,14.547265811274112,0.5181567053058218
f0_std,5,13136,3416,0.35062838229775606,20.2716330981602,0.6912804803921858
rms_mean,1,13389,3163,0.32632849032965716,0.022490675633562992,0.6470541384468116
rms_mean,2,13209,3343,0.07364942352355264,0.03878708620975811,0.43285975366639756
rms_mean,3,13221,3331,0.512651940130702,0.01987743075935355,0.7291512724918496
rms_mean,4,13253,3299,0.5606580610086065,0.01619787549173161,0.8633926043592898
rms_mean,5,13136,3416,0.36380787714296403,0.030404838513809845,0.6274408995441536
rms_std,1,13389,3163,0.1637256666953052,0.029905525044842257,0.525774194038112
rms_std,2,13209,3343,-0.13186328343349474,0.04136182566634892,0.4499576265609018
rms_std,3,13221,3331,0.45122485067251383,0.02555720261346438,0.6830566026161157
rms_std,4,13253,3299,0.5379818884138685,0.020117056518376,0.8592634922528594
rms_std,5,13136,3416,0.38449643907121744,0.03629117695897998,0.6946790939544577
