speaker_id,fold,true_label,microphone,model,n,accuracy,mean_p_dys,median_p_dys
F01,1,1,arrayMic,HuBERT,118,1.0,0.9927210353188596,0.9999184012413025
F01,1,1,arrayMic,Residual HuBERT,118,0.9915254237288136,0.9695547436535624,0.9974424334387023
F01,1,1,headMic,HuBERT,118,0.9915254237288136,0.9870232274850547,0.9999945163726807
F01,1,1,headMic,Residual HuBERT,118,1.0,0.9822434585592635,0.9991729389303682
F03,2,1,arrayMic,HuBERT,541,0.33826247689463956,0.3660351278853977,0.1205135956406593
F03,2,1,arrayMic,Residual HuBERT,541,0.49907578558225507,0.5035903412440741,0.4981745602500886
F03,2,1,headMic,HuBERT,546,0.33516483516483514,0.3360340064218433,0.05333463847637175
F03,2,1,headMic,Residual HuBERT,546,0.6465201465201466,0.6202018497008894,0.7383425561560704
F04,5,1,arrayMic,HuBERT,429,0.5361305361305362,0.5295143470468612,0.6088642477989197
F04,5,1,arrayMic,Residual HuBERT,429,0.2191142191142191,0.24829609141221798,0.0884496095988492
F04,5,1,headMic,HuBERT,244,0.7377049180327869,0.7131903215505329,0.9503312110900879
F04,5,1,headMic,Residual HuBERT,244,0.09016393442622951,0.1028343064639536,0.00158978562455045
FC01,4,0,arrayMic,HuBERT,151,0.7218543046357616,0.3128075089345585,0.099182054400444
FC01,4,0,arrayMic,Residual HuBERT,151,0.48344370860927155,0.5275912161921711,0.5094489426477294
FC01,4,0,headMic,HuBERT,151,0.7814569536423841,0.24137129830841939,0.0508088842034339
FC01,4,0,headMic,Residual HuBERT,151,0.33112582781456956,0.6170190062107879,0.6450099247785409
FC02,4,0,arrayMic,HuBERT,1220,0.9254098360655738,0.09910396604559277,0.00358103006146845
FC02,4,0,arrayMic,Residual HuBERT,1220,0.8450819672131148,0.2143650425577772,0.091085547269281
FC02,4,0,headMic,HuBERT,967,0.8262668045501551,0.19600249260386524,0.0227260366082191
FC02,4,0,headMic,Residual HuBERT,967,0.8055842812823164,0.26314716618127215,0.162950883007376
FC03,3,0,arrayMic,HuBERT,959,0.310740354535975,0.6741739240480605,0.8664175271987915
FC03,3,0,arrayMic,Residual HuBERT,959,0.4984358706986444,0.5136923358620442,0.5048110321668074
FC03,3,0,headMic,HuBERT,963,0.4953271028037383,0.5164403426519287,0.518013596534729
FC03,3,0,headMic,Residual HuBERT,963,0.608515057113188,0.3972379888531261,0.2619744460948994
M01,3,1,arrayMic,HuBERT,372,0.9946236559139785,0.9912836819847104,0.9999998807907104
M01,3,1,arrayMic,Residual HuBERT,372,0.9596774193548387,0.9336312251642217,0.9931216196289556
M01,3,1,headMic,HuBERT,371,0.9811320754716981,0.9804469364823913,1.0
M01,3,1,headMic,Residual HuBERT,371,0.9622641509433962,0.9385091736814986,0.9984931247499028
M02,1,1,arrayMic,HuBERT,384,0.8880208333333334,0.8763680800860433,0.9963752627372742
M02,1,1,arrayMic,Residual HuBERT,384,0.7083333333333334,0.699147503166602,0.873440844110013
M02,1,1,headMic,HuBERT,388,0.9871134020618557,0.981566387238269,0.9999873638153076
M02,1,1,headMic,Residual HuBERT,388,0.8685567010309279,0.8581292696527233,0.9906480679845052
M03,4,1,arrayMic,HuBERT,404,0.19554455445544555,0.21573706876217671,0.03641417622566215
M03,4,1,arrayMic,Residual HuBERT,404,0.22772277227722773,0.2937315539965851,0.1986314098581338
M03,4,1,headMic,HuBERT,406,0.5467980295566502,0.5517055565737307,0.6671875715255737
M03,4,1,headMic,Residual HuBERT,406,0.4458128078817734,0.4538218986890448,0.3913170177430886
M04,3,1,arrayMic,HuBERT,389,0.9922879177377892,0.9864805237148292,0.9999891519546508
M04,3,1,arrayMic,Residual HuBERT,389,0.7249357326478149,0.7285481851131217,0.9906423930599172
M04,3,1,headMic,HuBERT,277,0.9855595667870036,0.9870684912381189,0.9999994039535522
M04,3,1,headMic,Residual HuBERT,277,0.9386281588447654,0.9098260187174353,0.9910604946775008
M05,2,1,arrayMic,HuBERT,117,0.8888888888888888,0.881782155733155,0.999542236328125
M05,2,1,arrayMic,Residual HuBERT,117,0.9658119658119658,0.9454453323549201,0.9960264342676116
M05,2,1,headMic,HuBERT,470,0.9446808510638298,0.9387465986286583,0.9999842047691344
M05,2,1,headMic,Residual HuBERT,470,0.6021276595744681,0.5806592301484798,0.6570650565238996
MC01,1,0,arrayMic,HuBERT,1078,0.9471243042671614,0.08124540433236971,0.004552126396447399
MC01,1,0,arrayMic,Residual HuBERT,1078,0.8886827458256029,0.17310026219218363,0.059038313786517096
MC01,1,0,headMic,HuBERT,1077,0.8839368616527391,0.14292761531278517,0.0140863703563809
MC01,1,0,headMic,Residual HuBERT,1077,0.6935933147632312,0.34219766709112154,0.232283926465072
MC02,5,0,arrayMic,HuBERT,674,0.5311572700296736,0.46583161437750004,0.426459401845932
MC02,5,0,arrayMic,Residual HuBERT,674,0.4629080118694362,0.5230192454458765,0.5408737559373397
MC02,5,0,headMic,HuBERT,449,0.7616926503340757,0.2628960898144004,0.0399191454052925
MC02,5,0,headMic,Residual HuBERT,449,0.5211581291759465,0.4877032562222966,0.4718936429567258
MC03,2,0,arrayMic,HuBERT,870,0.9862068965517241,0.01759815093430991,5.3669061799155315e-06
MC03,2,0,arrayMic,Residual HuBERT,870,0.9,0.1504487091780368,0.0442139848929591
MC03,2,0,headMic,HuBERT,799,0.9962453066332916,0.005909695752524272,4.731399201318709e-07
MC03,2,0,headMic,Residual HuBERT,799,0.6470588235294118,0.38167604285969436,0.2158510604310057
MC04,5,0,arrayMic,HuBERT,991,0.6316851664984864,0.37581523130081246,0.1660372167825698
MC04,5,0,arrayMic,Residual HuBERT,991,0.4853683148335015,0.5121223417507542,0.5277040577277162
MC04,5,0,headMic,HuBERT,629,0.4356120826709062,0.5570481614347678,0.687701404094696
MC04,5,0,headMic,Residual HuBERT,629,0.8569157392686805,0.18025070396744738,0.0524354048479345
