fold,microphone,n,n_healthy,n_dysarthria,accuracy_hubert,balanced_accuracy_hubert,macro_f1_hubert,auroc_hubert,sensitivity_hubert,specificity_hubert,accuracy_residual,balanced_accuracy_residual,macro_f1_residual,auroc_residual,sensitivity_residual,specificity_residual,delta_accuracy,delta_balanced_accuracy,delta_macro_f1,delta_auroc,delta_sensitivity,delta_specificity
1,arrayMic,1580,1078,502,0.9367088607594937,0.9307334668746166,0.9275414160425139,0.9830640332916941,0.9143426294820717,0.9471243042671614,0.8525316455696202,0.8317915721159888,0.8305562958227299,0.912544626688053,0.7749003984063745,0.8886827458256029,-0.08417721518987342,-0.0989418947586278,-0.096985120219784,-0.07051940660364109,-0.1394422310756972,-0.05844155844155852
1,headMic,1583,1077,506,0.9172457359444094,0.9360395770714288,0.9098999167964685,0.99370047819848,0.9881422924901185,0.8839368616527391,0.7593177511054959,0.7964014004646196,0.7508399690162664,0.9182034710677075,0.8992094861660079,0.6935933147632312,-0.15792798483891346,-0.13963817660680922,-0.15905994778020216,-0.07549700713077245,-0.0889328063241106,-0.19034354688950794
2,arrayMic,1528,870,658,0.7493455497382199,0.7111885546588408,0.7086615858773372,0.9069279949690807,0.43617021276595747,0.9862068965517241,0.7630890052356021,0.7410334346504559,0.745659339042406,0.8423575446319393,0.5820668693009119,0.9,0.013743455497382207,0.029844879991615114,0.036997753165068814,-0.06457045033714137,0.14589665653495443,-0.08620689655172409
2,headMic,1815,799,1016,0.7840220385674931,0.8066856454426301,0.7821331282091483,0.9502121253929616,0.6171259842519685,0.9962453066332916,0.6352617079889807,0.6365215377489579,0.6336870256190124,0.6623301272259615,0.6259842519685039,0.6470588235294118,-0.14876033057851235,-0.17016410769367218,-0.1484461025901359,-0.2878819981670001,0.008858267716535417,-0.3491864831038798
3,arrayMic,1720,959,761,0.6127906976744186,0.6520850261510361,0.5832405600450551,0.9371813334904543,0.9934296977660972,0.310740354535975,0.6494186046511627,0.6690602480957085,0.6463197178905629,0.7984212091274447,0.8396846254927727,0.4984358706986444,0.03662790697674412,0.01697522194467238,0.06307915784550777,-0.13876012436300955,-0.15374507227332457,0.18769551616266944
3,headMic,1611,963,648,0.691495965238982,0.7391758970808815,0.688422595293419,0.9567708934271759,0.9830246913580247,0.4953271028037383,0.7467411545623837,0.7803377754701742,0.7466473426972355,0.9186601797366769,0.9521604938271605,0.608515057113188,0.05524518932340161,0.04116187838929275,0.05822474740381656,-0.03811071369049901,-0.030864197530864224,0.11318795430944967
4,arrayMic,1775,1371,404,0.7419718309859155,0.5492675361628067,0.5501963101656353,0.6384784539723118,0.19554455445544555,0.9029905178701677,0.6738028169014084,0.5164872067075417,0.5167015364821035,0.5712351322659618,0.22772277227722773,0.8052516411378556,-0.06816901408450704,-0.03278032945526499,-0.03349477368353182,-0.06724332170635006,0.03217821782178218,-0.09773887673231207
4,headMic,1524,1118,406,0.7473753280839895,0.6835063493042643,0.6810417324662377,0.7416635089048882,0.5467980295566502,0.8202146690518783,0.6627296587926509,0.593657745622461,0.5882968793360075,0.6058628620777778,0.4458128078817734,0.7415026833631485,-0.08464566929133865,-0.08984860368180336,-0.09274485313023018,-0.13580064682711035,-0.10098522167487683,-0.07871198568872984
5,arrayMic,2094,1665,429,0.5797516714422158,0.5635607635607636,0.5171474090223043,0.5901670901670901,0.5361305361305362,0.590990990990991,0.4235912129894938,0.3476952476952477,0.35130760849897397,0.2597310597310597,0.2191142191142191,0.4762762762762763,-0.15616045845272203,-0.2158655158655159,-0.1658398005233303,-0.3304360304360304,-0.31701631701631705,-0.11471471471471467
5,headMic,1322,1078,244,0.6021180030257186,0.6545667447306791,0.5535584506300768,0.702021046868822,0.7377049180327869,0.5714285714285714,0.6013615733736762,0.40361629003315186,0.41141842875161677,0.19704066425377897,0.09016393442622951,0.7170686456400742,-0.0007564296520423675,-0.25095045469752725,-0.14214002187846003,-0.5049803826150431,-0.6475409836065574,0.14564007421150282
