prompt,n_recordings,healthy_n,dysarthria_n,healthy_speakers,dysarthria_speakers,acoustic_accuracy,acoustic_mean_p_dys,hubert_accuracy,hubert_mean_p_dys,hubert_acoustic_accuracy,hubert_acoustic_mean_p_dys,residual_hubert_accuracy,residual_hubert_mean_p_dys
rid,13,11,2,6,1,0.5384615384615384,0.44762510166266184,0.23076923076923078,0.53067275436766,0.23076923076923078,0.5507227095787258,0.23076923076923078,0.5372098630817207
we got drenched from the uninterrupted rain,11,11,0,4,0,0.36363636363636365,0.5929005991122882,0.36363636363636365,0.6347045977080991,0.36363636363636365,0.6337920561521241,0.36363636363636365,0.480833756797708
night,13,11,2,6,1,0.5384615384615384,0.3252514457813279,0.38461538461538464,0.5637010151369041,0.38461538461538464,0.5416964965981317,0.3076923076923077,0.6676781973988748
thread,13,13,0,6,0,0.5384615384615384,0.48108305160851256,0.38461538461538464,0.5721133057983814,0.38461538461538464,0.5598246464814788,0.46153846153846156,0.4820845193666627
each one volunteered to jump first,21,12,9,6,4,0.5238095238095238,0.5576352298595927,0.42857142857142855,0.46476250326952045,0.42857142857142855,0.41885630622182674,0.5714285714285714,0.3340757697294104
sport,11,11,0,6,0,0.6363636363636364,0.4562171277237115,0.45454545454545453,0.47887768076460896,0.45454545454545453,0.47090584785705614,0.5454545454545454,0.41097765716687557
foe,13,11,2,6,1,0.3076923076923077,0.4074100600120096,0.46153846153846156,0.3807994523954287,0.38461538461538464,0.3706535197146326,0.6923076923076923,0.47736257300056695
snake,13,11,2,6,1,0.6923076923076923,0.3205055503652071,0.46153846153846156,0.3318053150173862,0.5384615384615384,0.3157096232446005,0.6923076923076923,0.28107494753047335
nest,17,12,5,6,3,0.5882352941176471,0.35063020352197727,0.47058823529411764,0.4069646617435021,0.5294117647058824,0.371241881730289,0.35294117647058826,0.5691052201957882
sierra,17,12,5,6,2,0.47058823529411764,0.3422769692821703,0.47058823529411764,0.3559980365310982,0.47058823529411764,0.33116817589027414,0.47058823529411764,0.4129076947221909
echo,23,12,11,6,6,0.5652173913043478,0.3981398803347128,0.4782608695652174,0.425409158849695,0.5217391304347826,0.3737111593336602,0.5217391304347826,0.5349959151884899
row,23,23,0,6,0,0.7391304347826086,0.4065959416845425,0.4782608695652174,0.5226642629126534,0.5217391304347826,0.4876094651764756,0.4782608695652174,0.5068340077493814
she is thinner than i am,26,13,13,6,7,0.5,0.5382326929472125,0.5,0.6719901389333576,0.5384615384615384,0.6535004948943004,0.4230769230769231,0.5864836184445499
sew,37,33,4,6,1,0.5135135135135135,0.4390309549160422,0.5135135135135135,0.44407963284331614,0.5135135135135135,0.4434585727121874,0.5675675675675675,0.48852164527673053
hill,25,14,11,6,6,0.72,0.501283919312382,0.52,0.43924822395309776,0.56,0.41844212927968777,0.56,0.35458829035889505
seeds,25,14,11,6,6,0.68,0.3956545014573156,0.52,0.49414496657933343,0.6,0.46768545542297624,0.64,0.5748840847655718
dart,23,12,11,6,6,0.6086956521739131,0.5162448959972001,0.5217391304347826,0.5240399088301986,0.5217391304347826,0.5246252692510245,0.6086956521739131,0.4920474381890891
rich,23,12,11,6,6,0.6521739130434783,0.4511219928715702,0.5217391304347826,0.41990465364234375,0.5652173913043478,0.4154332935194268,0.7391304347826086,0.34448398404399333
uniform,19,12,7,6,4,0.6842105263157895,0.4075591754669002,0.5263157894736842,0.4797091675901075,0.5263157894736842,0.42915731028399706,0.47368421052631576,0.47966847529706114
ham,17,12,5,6,3,0.6470588235294118,0.39643125412285624,0.5294117647058824,0.6460490585321809,0.5882352941176471,0.6125770228357047,0.29411764705882354,0.6520678969402401
fed,15,11,4,6,1,0.5333333333333333,0.3796462543501677,0.5333333333333333,0.16878389690199108,0.5333333333333333,0.18550493293680725,0.5333333333333333,0.2475334587696572
goose,15,11,4,6,1,0.6,0.2882199064748439,0.5333333333333333,0.25577721632262385,0.4666666666666667,0.2534771808189682,0.4,0.5671213572808006
zulu,15,12,3,6,2,0.6,0.29992604945155976,0.5333333333333333,0.43176039184133214,0.6,0.437675596181639,0.4,0.6342899244684886
red,28,23,5,6,2,0.6071428571428571,0.39827430142478837,0.5357142857142857,0.3135786649537319,0.5714285714285714,0.30152716993743567,0.5357142857142857,0.40008995745014875
a,13,12,1,6,1,0.6153846153846154,0.3659650323178739,0.5384615384615384,0.6046991840113602,0.5384615384615384,0.5306916518230994,0.5384615384615384,0.5599746482287669
catch,13,11,2,6,1,0.6153846153846154,0.3855720952081205,0.5384615384615384,0.3354276649796494,0.46153846153846156,0.3752535659564294,0.46153846153846156,0.4295112502258951
critical equipment needs proper maintenance,13,11,2,6,1,0.46153846153846156,0.5026599210173466,0.5384615384615384,0.46431827031998485,0.46153846153846156,0.38808939616346455,0.6153846153846154,0.2590966205617631
fell,13,13,0,5,0,0.6153846153846154,0.36616788527602806,0.5384615384615384,0.4290795585233739,0.5384615384615384,0.4258690398567725,0.46153846153846156,0.4885996390340901
its fun to roast marshmallows on a gas burner,13,12,1,6,1,0.38461538461538464,0.5245166180678178,0.5384615384615384,0.5065324378171663,0.6153846153846154,0.4876004737179406,0.6153846153846154,0.4005791835214557
she doesnt like to have it hanging around,13,11,2,6,1,0.5384615384615384,0.4522620743914129,0.5384615384615384,0.33102341745172315,0.6923076923076923,0.23797079680063626,0.46153846153846156,0.3888786291019427
when he speaks his voice is just a bit cracked and quivers a trifle,35,17,18,7,8,0.6571428571428571,0.6814596171128297,0.5428571428571428,0.5630459891482068,0.5428571428571428,0.5525639168741411,0.5714285714285714,0.47333885329850073
at twilight on the twelfth day well have chablis,11,11,0,6,0,0.45454545454545453,0.530576755769756,0.5454545454545454,0.45796625232725835,0.6363636363636364,0.4480354307292174,0.8181818181818182,0.27108393779633944
stretch,11,11,0,6,0,0.6363636363636364,0.42221794954406777,0.5454545454545454,0.45847272188821914,0.5454545454545454,0.49014250536456916,0.8181818181818182,0.320419025260481
the little girls cut lacy valentines,11,11,0,6,0,0.45454545454545453,0.4891285375449195,0.5454545454545454,0.3642568880702592,0.5454545454545454,0.4166135762325917,0.9090909090909091,0.14216437979022897
who knows what youll discover about yourself,11,11,0,6,0,0.45454545454545453,0.5095604377935374,0.5454545454545454,0.41406711617649206,0.6363636363636364,0.39414856531494896,1.0,0.09077528637462627
nice,42,34,8,6,1,0.7142857142857143,0.25159530145641,0.5476190476190477,0.25915161153245253,0.5952380952380952,0.23632530759433842,0.5714285714285714,0.3966177944771947
dress,18,11,7,6,3,0.6111111111111112,0.37250695259756283,0.5555555555555556,0.40176488491375767,0.6111111111111112,0.3330278775507988,0.5555555555555556,0.312836632968434
nut,16,12,4,6,2,0.6875,0.35968128390724985,0.5625,0.30885637677722155,0.5625,0.29907581392235405,0.375,0.4389214887222221
we bought a brown chair,16,11,5,6,3,0.5,0.5251058948687791,0.5625,0.4835689879764719,0.5625,0.4348971124432672,0.6875,0.26936976063275564
yankee,16,11,5,6,3,0.4375,0.3142717174417613,0.5625,0.418377297009755,0.4375,0.3588611523447268,0.625,0.5921981735196239
here,23,11,12,6,7,0.5652173913043478,0.44028071544366376,0.5652173913043478,0.5976873982248343,0.5217391304347826,0.5564376549232872,0.6086956521739131,0.5668608950748307
just one side got wet,23,11,12,6,7,0.7391304347826086,0.5244778328246094,0.5652173913043478,0.5851456121833073,0.5652173913043478,0.5702827527255842,0.43478260869565216,0.5969043163591732
lima,21,12,9,6,5,0.7619047619047619,0.5132114601600397,0.5714285714285714,0.6756191068387482,0.5714285714285714,0.6535147060063757,0.6666666666666666,0.592806328401238
beg that guard for one gallon of gas,14,11,3,6,2,0.5,0.5593992128031438,0.5714285714285714,0.3670483001364216,0.5714285714285714,0.41100699315058253,0.7142857142857143,0.26116472679826624
litter,14,13,1,6,1,0.6428571428571429,0.4586356755767764,0.5714285714285714,0.5103887077955875,0.5714285714285714,0.5108290437393409,0.5714285714285714,0.5287646555390753
travel is about the only leisure we have,14,12,2,6,1,0.42857142857142855,0.47497252193772316,0.5714285714285714,0.2608019094613291,0.6428571428571429,0.22819319908430266,0.6428571428571429,0.22770376164481182
you want him to do well,14,12,2,6,1,0.5714285714285714,0.4388422971334811,0.5714285714285714,0.28640276699683476,0.6428571428571429,0.22561641477246153,0.6428571428571429,0.414894898240996
rise,31,29,2,6,1,0.5806451612903226,0.40663677277302995,0.5806451612903226,0.3235837092898478,0.6129032258064516,0.331235760089468,0.8064516129032258,0.2132020199439467
will robin wear a yellow lily,24,11,13,6,7,0.6666666666666666,0.6310713964475609,0.5833333333333334,0.7793134986259388,0.5416666666666666,0.7554583579201024,0.4583333333333333,0.6108535908543847
him,65,36,29,6,6,0.6461538461538462,0.38351205006848876,0.5846153846153846,0.5088688398573954,0.5230769230769231,0.4862004173202846,0.4461538461538462,0.5835866504404633
jagged,29,13,16,7,8,0.6896551724137931,0.5025673064812638,0.5862068965517241,0.6543194088270697,0.5862068965517241,0.6707228098746228,0.6551724137931034,0.6108090245108296
bitter,17,12,5,6,3,0.5294117647058824,0.44566193156740597,0.5882352941176471,0.48923358139477763,0.5294117647058824,0.4577615651672859,0.47058823529411764,0.5155010398242945
the results were very disappointing,17,13,4,6,1,0.47058823529411764,0.49569459020531204,0.5882352941176471,0.308106341594885,0.5882352941176471,0.31012385332274495,0.7058823529411765,0.2468663323709135
the wait for work can be very long,17,12,5,6,3,0.5294117647058824,0.5068525905623192,0.5882352941176471,0.32702939028229805,0.5882352941176471,0.346186958759795,0.47058823529411764,0.3379829187877499
those musicians harmonize marvelously,17,14,3,6,2,0.47058823529411764,0.5360985207766084,0.5882352941176471,0.6293398451064869,0.5882352941176471,0.6266138227150294,0.7058823529411765,0.39401853669954606
dread,32,23,9,6,4,0.53125,0.41851596094042653,0.59375,0.30663577710028367,0.59375,0.31549848937976516,0.53125,0.2782466324375129
harm,25,23,2,5,1,0.84,0.40684328833926664,0.6,0.46892112876055764,0.64,0.4355133898639735,0.56,0.3752987655220663
heart,25,12,13,6,6,0.68,0.4927593378683321,0.6,0.5415256490356364,0.6,0.5455526819966776,0.56,0.5108371534941536
it eventually became a rather proud claim,25,14,11,6,6,0.6,0.6288546409162431,0.6,0.5414847112634551,0.6,0.49798110026059883,0.52,0.37989152212891675
shy,25,14,11,6,6,0.6,0.47981410297400706,0.6,0.4926390536854933,0.6,0.489128145779477,0.64,0.4928648212960098
steer,25,13,12,7,7,0.68,0.4202549420824971,0.6,0.5648411550732507,0.68,0.5430017428156609,0.56,0.5999039549083862
ash,10,10,0,6,0,0.7,0.40209312709097145,0.6,0.39680596667283796,0.6,0.40088717447922867,0.6,0.3825448915937812
hatch,10,10,0,5,0,0.8,0.39777007333596653,0.6,0.3719465587288141,0.6,0.37153925192864173,0.7,0.39543820236186045
i dont think its a good idea,10,10,0,6,0,0.6,0.3889497465157049,0.6,0.33230308694328414,0.5,0.4105907029277315,0.6,0.3636592415040523
i havent seen that friend for years,10,10,0,6,0,0.9,0.36831729326620416,0.6,0.3785485028871335,0.7,0.34513145320492133,0.7,0.3209499671764454
sheer,10,10,0,6,0,0.8,0.3499420386258253,0.6,0.36448330620742125,0.6,0.39169015123065154,0.7,0.3774578625091488
tea,10,10,0,6,0,0.8,0.3332937796144645,0.6,0.3681602026106418,0.6,0.35871990195087466,0.7,0.4028926133358966
we just didnt look good,10,10,0,6,0,0.6,0.41505316911957657,0.6,0.35115295832947596,0.6,0.34591278947413284,0.5,0.4491237695063295
up,48,27,21,7,8,0.7291666666666666,0.4667106565702986,0.6041666666666666,0.4123838677569844,0.6458333333333334,0.3965543943130901,0.5416666666666666,0.4363589176606311
droop,23,11,12,6,7,0.5652173913043478,0.44458531838618026,0.6086956521739131,0.6522206480376405,0.6521739130434783,0.648528525106195,0.7391304347826086,0.6562401579740623
lair,23,12,11,6,6,0.6956521739130435,0.46856473502828777,0.6086956521739131,0.5994621421191308,0.6521739130434783,0.5568916129866255,0.6521739130434783,0.5350702684702295
of,23,11,12,6,7,0.5217391304347826,0.47557984965787176,0.6086956521739131,0.7026551961831562,0.5652173913043478,0.6376497265536788,0.5652173913043478,0.5860089951277786
part,23,12,11,6,6,0.6521739130434783,0.5676691515836135,0.6086956521739131,0.6010755278746867,0.6086956521739131,0.600999735173556,0.6086956521739131,0.4547024714084444
sign,23,12,11,6,6,0.6521739130434783,0.45894452831219446,0.6086956521739131,0.4606930334484986,0.6086956521739131,0.4246564971012735,0.4782608695652174,0.4616146902129853
the islands are sparsely populated,23,11,12,6,7,0.6521739130434783,0.6002029678898371,0.6086956521739131,0.6347142643344236,0.6956521739130435,0.5819470857269144,0.7391304347826086,0.4814021342822882
written,23,12,11,6,6,0.6521739130434783,0.40976563631689844,0.6086956521739131,0.549777286404849,0.6086956521739131,0.541319207055138,0.5217391304347826,0.49513129209842044
people who value themselves are lifes winners,18,12,6,6,3,0.5,0.5422323976928765,0.6111111111111112,0.18103723202634786,0.5555555555555556,0.14721326072877267,0.5,0.2213159619842312
grow,31,15,16,7,8,0.5483870967741935,0.47333494948243526,0.6129032258064516,0.6203213192650032,0.6451612903225806,0.5917754495632338,0.4838709677419355,0.5236646178615197
he,13,11,2,6,1,0.7692307692307693,0.2565130375011438,0.6153846153846154,0.25024707711615357,0.6153846153846154,0.2356266660197805,0.6153846153846154,0.4007566577629865
lake,13,11,2,6,1,0.6153846153846154,0.3339363171611883,0.6153846153846154,0.2801116013387589,0.6153846153846154,0.24390758951573144,0.9230769230769231,0.3847880335239785
lee,13,11,2,6,1,0.6923076923076923,0.2822748594278451,0.6153846153846154,0.24400768330721959,0.6153846153846154,0.24572542434912759,0.3076923076923077,0.48878462904398223
most young rise early every morning,13,11,2,6,1,0.46153846153846156,0.4408495481387354,0.6153846153846154,0.2484349763433626,0.6923076923076923,0.19045083192307943,0.7692307692307693,0.30737659669051265
ray,13,11,2,6,1,0.46153846153846156,0.3511779415774367,0.6153846153846154,0.4740888256981466,0.5384615384615384,0.42734049402122964,0.3076923076923077,0.5840338138164567
shred,13,11,2,6,1,0.46153846153846156,0.4262068785488082,0.6153846153846154,0.20775447003393305,0.6153846153846154,0.20404806282067942,0.7692307692307693,0.28657672843180043
sight,13,11,2,6,1,0.6923076923076923,0.3567092706435292,0.6153846153846154,0.3423003371262041,0.6923076923076923,0.341417929917242,0.6923076923076923,0.3310808235344295
darn,21,12,9,6,5,0.5714285714285714,0.5086926732280194,0.6190476190476191,0.7228378349391278,0.6190476190476191,0.7190521639699081,0.5714285714285714,0.6382696981670928
alpha,29,13,16,7,8,0.8275862068965517,0.5032042001138337,0.6206896551724138,0.554024615117908,0.6206896551724138,0.5486572123998139,0.5862068965517241,0.5172354832576342
double,29,13,16,7,8,0.6551724137931034,0.4649266360894268,0.6206896551724138,0.5574587191498858,0.6206896551724138,0.5618778999635424,0.6896551724137931,0.6072823880937147
chair,72,37,35,7,8,0.6666666666666666,0.45503582639584117,0.625,0.6195102053393815,0.6388888888888888,0.6068430768386235,0.6527777777777778,0.579759089698825
i looked up and noticed two old men,24,11,13,6,7,0.6666666666666666,0.6082767529069769,0.625,0.5093249972366772,0.7083333333333334,0.4710129605116314,0.6666666666666666,0.3991604343485453
this was easy for us,24,11,13,6,7,0.625,0.47363270394265244,0.625,0.344780977562342,0.6666666666666666,0.30530526312184897,0.5833333333333334,0.35190896056187243
the hotel owner shrugged,16,11,5,6,3,0.5,0.550099875843868,0.625,0.43305648378845474,0.625,0.4265902279490851,0.5,0.2839104286890989
four,59,42,17,6,7,0.6271186440677966,0.4140334950557958,0.6271186440677966,0.3668296112387066,0.6271186440677966,0.34630144642620264,0.6101694915254238,0.42076641644286117
blow,35,24,11,6,6,0.7714285714285715,0.4642175324644405,0.6285714285714286,0.5140570408447924,0.5714285714285714,0.4969903309117486,0.5142857142857142,0.4611732092254224
two,54,35,19,7,7,0.6666666666666666,0.4443871625252904,0.6296296296296297,0.525458920666653,0.6851851851851852,0.512448073229865,0.5925925925925926,0.5059540464932075
dont ask me to carry an oily rag like that,27,13,14,7,7,0.7407407407407407,0.5371755745937035,0.6296296296296297,0.5392931412039759,0.7037037037037037,0.47160073665064384,0.6296296296296297,0.4978938129075555
chip,19,12,7,6,3,0.5789473684210527,0.3203809752593427,0.631578947368421,0.37662452211215597,0.631578947368421,0.3636269608893641,0.5789473684210527,0.5175928213366147
the prospect of cutting back spending is an unpleasant one for any governor,19,12,7,6,4,0.5789473684210527,0.5692687861787316,0.631578947368421,0.4855436471909487,0.7368421052631579,0.4067142571382809,0.5263157894736842,0.1514425257365523
write,68,39,29,7,7,0.6764705882352942,0.43269024043460597,0.6323529411764706,0.5168692284725364,0.6470588235294118,0.49416431139900263,0.6323529411764706,0.4931518397820363
nine,41,30,11,6,6,0.7804878048780488,0.36013739832861036,0.6341463414634146,0.4776970329164725,0.6829268292682927,0.4732803105808192,0.5609756097560976,0.6301845037538502
goat,44,24,20,7,8,0.5909090909090909,0.5045554364202132,0.6363636363636364,0.430204259072287,0.7045454545454546,0.39285091543207856,0.6363636363636364,0.4632655188676224
barbs gold bracelet was a graduation present,11,11,0,6,0,0.18181818181818182,0.5711901064479352,0.6363636363636364,0.36268998177920314,0.7272727272727273,0.30166698235986805,0.8181818181818182,0.19405350798210277
do they make any money,11,11,0,6,0,0.7272727272727273,0.41641817635413303,0.6363636363636364,0.333532778353176,0.7272727272727273,0.31402163634022967,0.5454545454545454,0.50905527881341
flicker,11,11,0,6,0,0.7272727272727273,0.37957452974139655,0.6363636363636364,0.3065261436595806,0.7272727272727273,0.27307508060214375,0.7272727272727273,0.35454985258163746
meats,11,9,2,5,1,0.8181818181818182,0.18799157871240782,0.6363636363636364,0.38998908428362555,0.5454545454545454,0.3930808793403825,0.45454545454545453,0.7223733582862203
only the most accomplished artists obtain popularity,11,11,0,6,0,0.45454545454545453,0.5321035353564999,0.6363636363636364,0.3385113688454195,0.8181818181818182,0.2326204082359037,0.6363636363636364,0.314283163318499
thats what life is really all about,11,11,0,6,0,0.5454545454545454,0.49995796789462105,0.6363636363636364,0.31141909928058714,0.7272727272727273,0.2761367197080427,0.6363636363636364,0.33414716742379424
toe,11,11,0,6,0,0.5454545454545454,0.43479197249437945,0.6363636363636364,0.3394585326358033,0.6363636363636364,0.31526028141297646,0.9090909090909091,0.2916846236845784
geese,36,32,4,6,1,0.8055555555555556,0.2245787757767962,0.6388888888888888,0.27872986763066565,0.6111111111111112,0.2719275831637658,0.5555555555555556,0.4585254975173085
a roll of wire lay near the wall,25,14,11,6,6,0.72,0.5589269731223705,0.64,0.6421904433430778,0.68,0.604930199676704,0.52,0.532679721047038
bitten,25,12,13,6,6,0.6,0.43969660654629633,0.64,0.5178995715204655,0.68,0.513040327685861,0.68,0.5427983180672524
ease,25,25,0,5,0,1.0,0.24665083447750022,0.64,0.3445797213740829,0.64,0.3402619408358242,0.64,0.38267189448471306
hear,25,13,12,7,7,0.56,0.42695558380151083,0.64,0.5656966899909962,0.6,0.5456019037193315,0.68,0.5916533536691291
spain,25,14,11,6,6,0.72,0.40727462074428855,0.64,0.4233492385984755,0.6,0.4455847048534973,0.4,0.5823783750628487
witty,25,12,13,6,6,0.52,0.4560841618839342,0.64,0.4239876720147038,0.64,0.41336074545558565,0.64,0.4007856527487212
grandfather likes to be modern in his language,28,14,14,7,7,0.6785714285714286,0.6030130501104853,0.6428571428571429,0.6341252697614994,0.6785714285714286,0.6135623499628267,0.6785714285714286,0.6244802822598751
get a calico cat to keep,14,11,3,6,2,0.42857142857142855,0.5826970224456077,0.6428571428571429,0.3023423165410822,0.6428571428571429,0.29411639544404977,0.7142857142857143,0.25085255356724795
rest,14,12,2,6,1,0.6428571428571429,0.338236182833125,0.6428571428571429,0.21495464055174043,0.7142857142857143,0.18574962495160513,0.6428571428571429,0.3833639772582941
xray,14,11,3,6,2,0.5714285714285714,0.4467629896817459,0.6428571428571429,0.5615788239119183,0.6428571428571429,0.5502151456411593,0.5,0.49166763153828397
three,45,31,14,6,7,0.6888888888888889,0.398096201138806,0.6444444444444445,0.42549050889690543,0.6444444444444445,0.40920111694656514,0.5555555555555556,0.4648983934153508
the quick brown fox jumps over the lazy dog,31,13,18,7,8,0.7096774193548387,0.6139100104076654,0.6451612903225806,0.6496615224807297,0.6774193548387096,0.6345614873115274,0.6129032258064516,0.5861781581435312
weed,31,13,18,7,8,0.7096774193548387,0.44345872777492207,0.6451612903225806,0.42977650437862885,0.6774193548387096,0.41614996954553124,0.6129032258064516,0.4259269893600401
tango,17,12,5,6,3,0.4117647058823529,0.3423119027464633,0.6470588235294118,0.31399344936814005,0.5882352941176471,0.2705161032635,0.5882352941176471,0.5675394400974687
there was only one decision to be made,17,11,6,6,1,0.47058823529411764,0.4546136241774575,0.6470588235294118,0.22167590199910953,0.5882352941176471,0.1902210411159397,0.7058823529411765,0.46150768717333135
pad,40,27,13,6,7,0.725,0.3966539595919711,0.65,0.42043890854328636,0.6,0.39606514919915375,0.6,0.455741057734625
brought,23,12,11,6,6,0.6086956521739131,0.5754612185835658,0.6521739130434783,0.5825821568143611,0.6086956521739131,0.5451602739060111,0.5217391304347826,0.480610571064808
harp,23,12,11,6,6,0.782608695652174,0.4832525913412101,0.6521739130434783,0.5318385916795271,0.7391304347826086,0.4898818983173589,0.5652173913043478,0.5413597555523406
i have had my bell rung,23,12,11,6,6,0.6521739130434783,0.6314186974766168,0.6521739130434783,0.6151753682012064,0.7391304347826086,0.5564699945590182,0.6086956521739131,0.39338550193500116
pretty,23,12,11,6,6,0.6956521739130435,0.47433330424484405,0.6521739130434783,0.3636242300372692,0.7391304347826086,0.3476816828065247,0.5652173913043478,0.3927828270063047
root,23,11,12,6,7,0.6956521739130435,0.4592309649262661,0.6521739130434783,0.6032385978932752,0.6521739130434783,0.5820025018539533,0.7391304347826086,0.6110011296231619
toot,23,11,12,6,7,0.6086956521739131,0.4278436663672219,0.6521739130434783,0.46333060985934144,0.6521739130434783,0.44651811850146883,0.5652173913043478,0.49039764241674827
where were you while we were away,23,11,12,6,7,0.7391304347826086,0.6274948364079141,0.6521739130434783,0.7612556832451525,0.6956521739130435,0.7313501000430667,0.6956521739130435,0.622793774316954
youre used to being on the field,23,11,12,6,7,0.6521739130434783,0.5561857723623218,0.6521739130434783,0.6430116903392465,0.6521739130434783,0.6399633682092104,0.6521739130434783,0.5956677479119089
briar,26,11,15,6,7,0.6923076923076923,0.6087852351247194,0.6538461538461539,0.6945137792040791,0.6538461538461539,0.6931641987562565,0.6538461538461539,0.5805478517110179
gnaw,26,11,15,6,7,0.5384615384615384,0.3534240502992431,0.6538461538461539,0.47906679200199365,0.6153846153846154,0.468044338089591,0.6153846153846154,0.515402794869649
he will allow a rare lie,26,13,13,7,6,0.5769230769230769,0.5229864091883676,0.6538461538461539,0.5025967290272931,0.6923076923076923,0.46765964483863015,0.6153846153846154,0.5036321897386246
aluminum silverware can often be flimsy,29,16,13,6,7,0.5517241379310345,0.6513312772390109,0.6551724137931034,0.6773851141331051,0.6551724137931034,0.6237786532540102,0.5862068965517241,0.40831464376692617
gadget,29,13,16,7,8,0.896551724137931,0.45647653526182025,0.6551724137931034,0.6100961430987307,0.6206896551724138,0.5783003176105027,0.6206896551724138,0.6318355867191341
you wished to know all about my grandfather,29,13,16,7,8,0.7586206896551724,0.5424390818346625,0.6551724137931034,0.585743175494078,0.6551724137931034,0.5772876510984822,0.6551724137931034,0.5710247090439882
cheer,44,33,11,6,7,0.7272727272727273,0.35391275869348154,0.6590909090909091,0.42616502531187356,0.7045454545454546,0.4174271505466555,0.7272727272727273,0.4487133451611877
sell,47,33,14,6,6,0.6170212765957447,0.4377667840874908,0.6595744680851063,0.4090250262066634,0.6382978723404256,0.42023452039821024,0.5531914893617021,0.45524943859981337
one,54,35,19,7,8,0.6481481481481481,0.38928520954903134,0.6666666666666666,0.4969369450392481,0.6296296296296297,0.49144946139113194,0.5925925925925926,0.4812369841083725
bad,51,27,24,6,7,0.7450980392156863,0.459377600890646,0.6666666666666666,0.5502839994947577,0.7254901960784313,0.5199337280169999,0.6470588235294118,0.57995171852265
zero,42,31,11,6,6,0.7619047619047619,0.37921080712640926,0.6666666666666666,0.5149583661368057,0.6666666666666666,0.4920831595852389,0.5,0.5935196800695476
we have often urged him to walk more and smoke less,33,15,18,7,8,0.6666666666666666,0.6516671628940001,0.6666666666666666,0.7229028473240353,0.6666666666666666,0.6901936536177596,0.5151515151515151,0.6288408687963025
see,30,28,2,6,1,0.8666666666666667,0.266050571009212,0.6666666666666666,0.2835277633645858,0.6666666666666666,0.2943160189186796,0.5,0.4794952457704626
are your grades higher or lower than nancys,24,11,13,6,7,0.5833333333333334,0.5956853214810564,0.6666666666666666,0.6915247804446855,0.6666666666666666,0.6770460461130005,0.625,0.6191687366648464
dot,24,11,13,6,7,0.7083333333333334,0.4717386478703915,0.6666666666666666,0.5054217698346667,0.6666666666666666,0.501207243912332,0.625,0.4975792250574369
explore,24,11,13,6,7,0.4583333333333333,0.5123921115218038,0.6666666666666666,0.5526877986782631,0.625,0.5072288106297721,0.6666666666666666,0.5233035152706186
hash,24,24,0,6,0,0.75,0.3953457884885892,0.6666666666666666,0.3592930520934594,0.6666666666666666,0.35174536649735116,0.7083333333333334,0.34019108925936004
wax,24,24,0,5,0,0.8333333333333334,0.35317579640694,0.6666666666666666,0.3358102044535922,0.6666666666666666,0.3859941943901289,0.5833333333333334,0.43073204226849776
rip,21,19,2,6,1,0.5714285714285714,0.3523241520271738,0.6666666666666666,0.36695113357265907,0.5714285714285714,0.3628819117854264,0.7142857142857143,0.41914976606033216
top,21,12,9,6,5,0.6666666666666666,0.4609551333163502,0.6666666666666666,0.38761802881041757,0.7142857142857143,0.4081947595273155,0.5714285714285714,0.47535520122801345
tin,18,14,4,6,2,0.6666666666666666,0.4152095562642492,0.6666666666666666,0.451131618004461,0.6111111111111112,0.42820940518533956,0.6111111111111112,0.5510309451638287
victor,18,11,7,6,4,0.5555555555555556,0.3813818565013108,0.6666666666666666,0.3517005880144214,0.6666666666666666,0.3626517751850622,0.6666666666666666,0.38807156076818816
etiquette mandates compliance with existing regulations,15,13,2,6,1,0.4,0.5316745386313917,0.6666666666666666,0.3057334466145408,0.6,0.2936340154562222,0.8,0.11386208402211447
low,15,15,0,5,0,0.8666666666666667,0.3699400007200033,0.6666666666666666,0.3828902936540544,0.6666666666666666,0.36676700462137973,0.6666666666666666,0.45454203029436413
you can ride stagecoach,15,12,3,6,2,0.4666666666666667,0.4492380608480437,0.6666666666666666,0.38712808652425584,0.6666666666666666,0.34404803770763404,0.8,0.28369086666053717
then wed really have someplace to go,12,12,0,6,0,0.5833333333333334,0.4870766035104758,0.6666666666666666,0.33524895613803424,0.6666666666666666,0.3230037274272453,0.5,0.39682933419871563
rock,58,37,21,7,7,0.6206896551724138,0.441074049410154,0.6724137931034483,0.43263703618200894,0.5689655172413793,0.426989911496735,0.5862068965517241,0.540870976568674
much,52,34,18,6,6,0.6346153846153846,0.43391478274747153,0.6730769230769231,0.48560797408152645,0.6923076923076923,0.46983573543967777,0.6153846153846154,0.48878758283475054
suit,49,24,25,7,7,0.673469387755102,0.4235845555734767,0.673469387755102,0.4775729307191799,0.673469387755102,0.4607517993758414,0.6938775510204082,0.5587781713936877
fill,43,32,11,6,6,0.6744186046511628,0.47558823176631837,0.6744186046511628,0.3836697138915057,0.6511627906976745,0.38310441461555944,0.6046511627906976,0.3849070467109584
blend,34,30,4,6,1,0.5882352941176471,0.3431570702955729,0.6764705882352942,0.240445093602115,0.6470588235294118,0.23433194937699817,0.7647058823529411,0.3503671375452464
stubble,31,13,18,7,8,0.6451612903225806,0.4701472252873046,0.6774193548387096,0.5513730265029224,0.6129032258064516,0.5425858477219168,0.5806451612903226,0.5139407288339718
deer,25,13,12,7,7,0.72,0.4034952344189406,0.68,0.629861818567324,0.64,0.6242604993544206,0.64,0.6400216767015011
hitting,25,12,13,6,6,0.72,0.41506806100909843,0.68,0.5375247990452405,0.68,0.5179429786905846,0.52,0.5867176808156908
i scrubbed the floors thoroughly,25,12,13,6,7,0.6,0.6420048604805803,0.68,0.5190632973747392,0.68,0.5017232669354623,0.76,0.34038481145666966
papa,25,12,13,6,7,0.72,0.4694928231174502,0.68,0.617077480766635,0.72,0.538902864751257,0.64,0.6519992999851704
she wore warm fleecy woolen overalls,25,12,13,6,7,0.52,0.6432681410723149,0.68,0.6842748915136707,0.68,0.6821103922686288,0.4,0.647054884991657
thought,25,12,13,6,6,0.64,0.5573375264340121,0.68,0.5416346045496538,0.64,0.5443599125877345,0.64,0.4926878678816387
wish,25,13,12,7,7,0.72,0.361835412151506,0.68,0.36995019873142554,0.68,0.3660628586675372,0.72,0.4141994990087761
area,22,11,11,6,6,0.5,0.47469051586081257,0.6818181818181818,0.5727184347428479,0.7272727272727273,0.49494660030475707,0.8636363636363636,0.5609135234948325
league,22,12,10,6,6,0.6818181818181818,0.43254052963730555,0.6818181818181818,0.44487453837747465,0.6818181818181818,0.4368240580225441,0.5454545454545454,0.5168371054617004
slicker,19,12,7,6,4,0.5263157894736842,0.4238997280691548,0.6842105263157895,0.49999871641147076,0.631578947368421,0.4522421365068078,0.5789473684210527,0.48952017074150717
zip,19,12,7,6,3,0.5789473684210527,0.32831803263324627,0.6842105263157895,0.29910544898796043,0.5263157894736842,0.3692856029760967,0.5789473684210527,0.49052283614429165
no,102,58,44,7,8,0.6470588235294118,0.3926138081179995,0.6862745098039216,0.491703339649078,0.7254901960784313,0.4630505838312649,0.5686274509803921,0.5460282415886062
wicker,16,13,3,6,2,0.625,0.3158351739855756,0.6875,0.19130945038587754,0.625,0.1676799757724473,0.5625,0.4311653072614731
giving those who observe him a pronounced feeling of the utmost respect,29,13,16,7,8,0.6896551724137931,0.6675701143678027,0.6896551724137931,0.6708603741798123,0.7241379310344828,0.6628909601159381,0.6206896551724138,0.5575066483054362
rate,29,13,16,7,8,0.6896551724137931,0.48657385916141455,0.6896551724137931,0.6499879194189951,0.6551724137931034,0.6544224387845073,0.5862068965517241,0.576084239539756
she had your dark suit in greasy wash water all year,29,13,16,7,8,0.6551724137931034,0.6302702023373794,0.6896551724137931,0.6762463812177941,0.7241379310344828,0.6827574647920708,0.5862068965517241,0.6328657361961016
trade,29,13,16,7,8,0.7241379310344828,0.47745152902493404,0.6896551724137931,0.5115653866617896,0.6896551724137931,0.515370633389794,0.6206896551724138,0.5054254819369505
two other cases also were under advisement,29,15,14,6,7,0.7586206896551724,0.5909146070305953,0.6896551724137931,0.47978790202763305,0.7241379310344828,0.43830613092905113,0.6551724137931034,0.48948447138099144
leak,97,62,35,6,6,0.7525773195876289,0.36806911272805276,0.6907216494845361,0.3441312036944476,0.7010309278350515,0.34976284098046206,0.7010309278350515,0.39196748347128463
floor,55,26,29,7,8,0.6181818181818182,0.5169182283400096,0.6909090909090909,0.5805133248576273,0.7090909090909091,0.5661174561428206,0.6909090909090909,0.5719018516153593
knew,81,37,44,7,8,0.6790123456790124,0.4335054071425656,0.691358024691358,0.6007504639493217,0.6790123456790124,0.562692423354429,0.6296296296296297,0.5681656703414246
seed,39,28,11,6,6,0.717948717948718,0.3605146379064224,0.6923076923076923,0.3187300659283966,0.6410256410256411,0.3047478886985163,0.6923076923076923,0.43019568912977124
all the big baseball players get traded,26,13,13,6,7,0.6923076923076923,0.6376716106900739,0.6923076923076923,0.4088026891769307,0.6923076923076923,0.3718310301200877,0.6923076923076923,0.391903343445012
i just try to do my best,26,14,12,7,7,0.6153846153846154,0.5133557607107769,0.6923076923076923,0.4958621446267513,0.6923076923076923,0.48656329624092415,0.6538461538461539,0.4495863854328167
mere,26,13,13,6,7,0.5769230769230769,0.3906101242205595,0.6923076923076923,0.5108365787330987,0.6923076923076923,0.5180431230184179,0.6923076923076923,0.541563139099926
we gathered shells on the beach,26,13,13,7,7,0.6538461538461539,0.5722450623045074,0.6923076923076923,0.529551144208952,0.6923076923076923,0.5220265509619177,0.5384615384615384,0.35477324503775215
youd be better off taking a cold shower,26,13,13,6,7,0.6153846153846154,0.6261485984742221,0.6923076923076923,0.5828520521818299,0.6538461538461539,0.5874820486229941,0.5769230769230769,0.5339840345728818
gill,13,13,0,6,0,0.46153846153846156,0.5156343579403837,0.6923076923076923,0.35477609202112387,0.6153846153846154,0.35606462147169304,0.8461538461538461,0.21131679568513048
help celebrate your brothers success,13,11,2,6,1,0.3076923076923077,0.5193100217141866,0.6923076923076923,0.14920763103129725,0.7692307692307693,0.11888211152756763,0.7692307692307693,0.11829741764528125
in fact our whole defensive unit did a good job,13,11,2,6,1,0.46153846153846156,0.49825365992736725,0.6923076923076923,0.4327054090275953,0.7692307692307693,0.3197479775797701,0.8461538461538461,0.2921111520655912
lend,13,11,2,6,1,0.38461538461538464,0.41664058195046005,0.6923076923076923,0.1763668055501389,0.6923076923076923,0.17813830594818159,0.8461538461538461,0.23627888031814342
mill,13,11,2,6,1,0.6923076923076923,0.3040509704441688,0.6923076923076923,0.20577694951161943,0.6923076923076923,0.2163375713843002,0.6923076923076923,0.3502862477384896
nod,13,11,2,6,1,0.6153846153846154,0.45343485824643776,0.6923076923076923,0.3952950041298362,0.6923076923076923,0.3700023890566858,0.6153846153846154,0.32064548392583786
romeo,13,12,1,6,1,0.6153846153846154,0.3735598324579825,0.6923076923076923,0.3686319146822825,0.5384615384615384,0.3509721302842789,0.5384615384615384,0.4398673958793364
some prefer the traditional steel kind,13,11,2,6,1,0.38461538461538464,0.4420181379106882,0.6923076923076923,0.2345623993924861,0.5384615384615384,0.2957811642883622,0.6153846153846154,0.30786208918717184
the fish swam across the pond,13,11,2,6,1,0.46153846153846156,0.4611407035287495,0.6923076923076923,0.2546717771087125,0.6153846153846154,0.1919168310453214,0.7692307692307693,0.22846994041159677
trespassers can be prosecuted and fined,13,11,2,6,1,0.23076923076923078,0.5519269959804396,0.6923076923076923,0.20195179273822653,0.7692307692307693,0.16180132017808413,0.8461538461538461,0.16031536250708636
we selected places where families will be welcome,13,11,2,6,1,0.46153846153846156,0.4603432555808905,0.6923076923076923,0.21349403902582717,0.7692307692307693,0.16152619282575845,0.6153846153846154,0.20627150756487783
young people participate in athletic activities,13,11,2,6,1,0.6153846153846154,0.47868879253365343,0.6923076923076923,0.16595337943772145,0.7692307692307693,0.0874350763314681,0.6153846153846154,0.23563280011077808
side,62,34,28,6,7,0.6129032258064516,0.4984319642401511,0.6935483870967742,0.4944322872122028,0.6774193548387096,0.5030808915795231,0.6451612903225806,0.4717763868853078
tip,36,20,16,7,8,0.75,0.41757617775707945,0.6944444444444444,0.5210765941965891,0.6944444444444444,0.5400472891673406,0.5,0.6304438222216386
city,23,12,11,6,6,0.5652173913043478,0.38867320257092075,0.6956521739130435,0.3614897995578134,0.6521739130434783,0.32778926413273907,0.6521739130434783,0.48601214133180237
day after day some new episode is reported,23,12,11,6,6,0.6086956521739131,0.6186958317985995,0.6956521739130435,0.4410398266197382,0.6956521739130435,0.4348176456977448,0.5217391304347826,0.32947210228366586
eat,23,21,2,6,1,0.782608695652174,0.3091572558266661,0.6956521739130435,0.20626433324103652,0.7391304347826086,0.17818277013880146,0.5652173913043478,0.4700266633072388
hum,23,12,11,6,6,0.6956521739130435,0.4299476771413296,0.6956521739130435,0.5404041833801033,0.7391304347826086,0.4839209516611776,0.6086956521739131,0.5483158258949858
if you are losing water replace it immediately,23,12,11,6,6,0.6521739130434783,0.5997387512624843,0.6956521739130435,0.3817038710821575,0.6956521739130435,0.35255035239265986,0.7391304347826086,0.3373984325991151
light,23,11,12,6,7,0.782608695652174,0.4768454761527671,0.6956521739130435,0.5579526962116305,0.6956521739130435,0.5670874738947411,0.6086956521739131,0.5176038152237078
near,23,11,12,6,7,0.6086956521739131,0.361810607813411,0.6956521739130435,0.5475765635221466,0.6956521739130435,0.5454966056875545,0.6521739130434783,0.5806770542095022
november,23,12,11,6,5,0.6521739130434783,0.45083813318400623,0.6956521739130435,0.37612227319226327,0.6956521739130435,0.3717693279383566,0.5652173913043478,0.35033761090353505
quebec,23,12,11,6,6,0.6086956521739131,0.4811235007470379,0.6956521739130435,0.4213850543580975,0.7391304347826086,0.43629927091731313,0.6086956521739131,0.5008702022085064
start,23,12,11,6,6,0.6521739130434783,0.5112143767690422,0.6956521739130435,0.46100417924010256,0.782608695652174,0.4582960199105154,0.5652173913043478,0.46815786714495916
students watched as he got out,23,12,11,6,6,0.5652173913043478,0.6050287053791475,0.6956521739130435,0.447929526266523,0.7391304347826086,0.4062366218272424,0.6956521739130435,0.3053562799565858
the misguided souls have lost their way,23,12,11,6,6,0.6956521739130435,0.5966426261207911,0.6956521739130435,0.34533010058002395,0.6956521739130435,0.34487019715304984,0.6086956521739131,0.23115914291714756
the museum hires musicians every evening,23,12,11,6,6,0.6521739130434783,0.5382291701465727,0.6956521739130435,0.597953456720732,0.6956521739130435,0.5829902908414631,0.4782608695652174,0.6329852202251913
this is a period of transition for me,23,14,9,6,5,0.8260869565217391,0.568519473839076,0.6956521739130435,0.5253084083157041,0.7391304347826086,0.4977137999626231,0.6086956521739131,0.5290354840822509
we rode horseback to the farm,23,12,11,6,6,0.6086956521739131,0.6498057410415925,0.6956521739130435,0.5006418012976599,0.6956521739130435,0.43983612656234,0.6956521739130435,0.44090799211891357
rage,33,17,16,7,8,0.6666666666666666,0.49215400087325517,0.696969696969697,0.5715909599041906,0.7272727272727273,0.5845121278983757,0.6363636363636364,0.5223381979820072
boot,43,28,15,7,7,0.7209302325581395,0.4129808370886697,0.6976744186046512,0.39412729060651674,0.6744186046511628,0.4138008714236348,0.5348837209302325,0.49007768858652195
down,43,24,19,7,8,0.7209302325581395,0.44134244582465026,0.6976744186046512,0.5736335632288059,0.7441860465116279,0.5448884069562994,0.627906976744186,0.5725914086630425
shoot,53,34,19,6,7,0.6226415094339622,0.3807354219223779,0.6981132075471698,0.3317051462134212,0.6981132075471698,0.320410607691501,0.7547169811320755,0.396622892050267
warm,60,26,34,7,8,0.7166666666666667,0.4488788454455036,0.7,0.5532415721687978,0.7166666666666667,0.5568217748006682,0.5333333333333333,0.6147423120043488
left,50,30,20,7,8,0.64,0.44741898213464665,0.7,0.44703381611418647,0.74,0.41141749464427513,0.72,0.47389209675569893
a fire in straw makes a quick blaze,10,10,0,6,0,0.5,0.5205656802997187,0.7,0.2574763586890213,0.7,0.24156678603475537,0.9,0.14331414654548175
bumper,10,10,0,6,0,0.8,0.32840143007876177,0.7,0.282414393604995,0.7,0.2941971903439419,0.6,0.40834493792632554
even a simple vocabulary contains symbols,10,10,0,5,0,0.5,0.5028011529771157,0.7,0.32860464589942684,0.7,0.30576317860383945,0.8,0.3017686639662121
grandmother outgrew her upbringing in petticoats,10,10,0,6,0,0.4,0.5043361795449287,0.7,0.2819436805064662,0.6,0.3468198343769283,0.6,0.3816576063832552
her dark hair is combed casually,10,10,0,6,0,0.5,0.5515643109905226,0.7,0.3015236690353049,0.7,0.3276123167018862,0.8,0.16769150212613912
pete,10,10,0,6,0,1.0,0.26513976188313754,0.7,0.22612021340954694,0.8,0.23081644111297545,0.7,0.3234165639051626
she suggested we all have dinner together,10,10,0,6,0,0.5,0.48132866807732866,0.7,0.2837294587989433,0.7,0.29836832205357056,0.8,0.2538250332176636
the sun died at night,10,10,0,6,0,0.7,0.3964022664897767,0.7,0.36035887983307474,0.7,0.3598952969836747,0.6,0.3366985381502849
we are the largest of the four states,10,10,0,5,0,0.6,0.4633696182050853,0.7,0.3512878402692877,0.7,0.33957546489223894,0.8,0.2506841128926399
know,57,27,30,7,8,0.6842105263157895,0.40281865318531895,0.7017543859649122,0.5448694532901156,0.7017543859649122,0.5375704073739187,0.5087719298245614,0.603939907256197
sigh,101,49,52,7,7,0.693069306930693,0.47547228373986733,0.7029702970297029,0.49937628313401516,0.693069306930693,0.4866396917929675,0.6237623762376238,0.5350184751062896
hold,27,25,2,6,1,0.6296296296296297,0.4136005652916517,0.7037037037037037,0.24122628877087124,0.7037037037037037,0.2404569911142588,0.7777777777777778,0.27678093611670296
it also provides for funds to clear slums and help colleges build dormitories,27,14,13,5,7,0.7037037037037037,0.6211138733447255,0.7037037037037037,0.5815059936520904,0.7407407407407407,0.5749148470748479,0.48148148148148145,0.5021111901378836
it was a good win for us,27,14,13,6,7,0.7777777777777778,0.5554140731660514,0.7037037037037037,0.4219255589732043,0.7037037037037037,0.40342821513350496,0.6666666666666666,0.45636842649258
pitting,27,12,15,6,6,0.6666666666666666,0.4583873902612269,0.7037037037037037,0.7129395055570866,0.7037037037037037,0.700245623529949,0.6296296296296297,0.7234870000223955
pot,27,15,12,7,7,0.6296296296296297,0.478972275452436,0.7037037037037037,0.5318827323649034,0.7037037037037037,0.5160115175150056,0.6296296296296297,0.5824869785379033
vat,27,14,13,6,7,0.7037037037037037,0.5207338321304755,0.7037037037037037,0.4831898026405489,0.7407407407407407,0.4798782526653303,0.7037037037037037,0.4657466318456796
swarm,61,29,32,7,8,0.6721311475409836,0.476587347491651,0.7049180327868853,0.58871109059263,0.7049180327868853,0.5943320205580328,0.6065573770491803,0.6268030949553601
the,34,14,20,7,8,0.6764705882352942,0.3831465388307424,0.7058823529411765,0.5973456562105656,0.6176470588235294,0.5705604278974947,0.5588235294117647,0.6013606190174504
being able to dance can help too,17,12,5,6,3,0.47058823529411764,0.5299504606715878,0.7058823529411765,0.3327152216284407,0.7058823529411765,0.3357039463842197,0.7647058823529411,0.2549507500616676
is,17,17,0,5,0,0.7058823529411765,0.3866877625482727,0.7058823529411765,0.26446237316327875,0.7058823529411765,0.250924540661302,0.7647058823529411,0.2590307527777867
tall,17,17,0,5,0,0.7647058823529411,0.4022228352942216,0.7058823529411765,0.2997782564369332,0.7647058823529411,0.29871997792180466,0.7647058823529411,0.2454907266795568
the pair of shoes was new,17,12,5,6,3,0.5294117647058824,0.5239122541274096,0.7058823529411765,0.36285085442172343,0.7058823529411765,0.3333023075408436,0.6470588235294118,0.25955438455020374
we have an excellent team,17,12,5,6,3,0.5882352941176471,0.5131735014831991,0.7058823529411765,0.43681960459290836,0.6470588235294118,0.4242561613567299,0.47058823529411764,0.30592867790561984
error,24,11,13,6,7,0.6666666666666666,0.5285668265248732,0.7083333333333334,0.5534326307522649,0.75,0.5398661331532268,0.5416666666666666,0.46555111852934034
fruit,24,11,13,6,7,0.75,0.4884003717117767,0.7083333333333334,0.549427673957585,0.6666666666666666,0.5159111340651217,0.6666666666666666,0.5886752227616215
jane may earn more money by working hard,24,11,13,6,7,0.6666666666666666,0.5605594840461792,0.7083333333333334,0.5025916457141085,0.6666666666666666,0.4703984578309511,0.5416666666666666,0.3641155151752063
they carried me off on the stretcher,24,11,13,6,7,0.6666666666666666,0.5725509321860632,0.7083333333333334,0.652286606828857,0.7083333333333334,0.6340268074106775,0.6666666666666666,0.5240949265337055
why yell or worry over silly items,24,11,13,6,7,0.7916666666666666,0.5818481800581488,0.7083333333333334,0.41568418670236285,0.75,0.3915557927823062,0.5833333333333334,0.3802427347977249
storm,62,28,34,7,8,0.7580645161290323,0.4707673352245596,0.7096774193548387,0.5581191786958727,0.7096774193548387,0.5619448927753419,0.5806451612903226,0.6299011494550373
hall,31,31,0,5,0,0.7096774193548387,0.41054562523841637,0.7096774193548387,0.3277959034665532,0.6774193548387096,0.32809580535467986,0.9032258064516129,0.19420437165879387
train,31,15,16,7,8,0.6451612903225806,0.4083756408056688,0.7096774193548387,0.4573303817891898,0.7096774193548387,0.44403911308588356,0.7741935483870968,0.5335689043291209
trait,31,15,16,7,8,0.7096774193548387,0.46204585642869334,0.7096774193548387,0.5172396902770445,0.7096774193548387,0.5381075192813107,0.6451612903225806,0.42699517709362594
usually minus several buttons,31,15,16,7,8,0.6774193548387096,0.5400084939802072,0.7096774193548387,0.5437942809438465,0.7096774193548387,0.5155727560239154,0.7096774193548387,0.46727235008809825
pat,77,49,28,7,8,0.7012987012987013,0.41357709047069097,0.7142857142857143,0.44367928289309877,0.6753246753246753,0.42729471353419735,0.5844155844155844,0.5417351396975555
rake,63,45,18,7,8,0.746031746031746,0.41319749905030084,0.7142857142857143,0.3456648635567924,0.7142857142857143,0.3377721582398369,0.6984126984126984,0.40059344110644973
hat,49,36,13,6,7,0.7142857142857143,0.4506709495558901,0.7142857142857143,0.39796678505071936,0.7346938775510204,0.38447623581118456,0.6122448979591837,0.4479040467120889
but he always answers banana oil,35,15,20,7,8,0.7142857142857143,0.6444753322298997,0.7142857142857143,0.5748189157801052,0.7142857142857143,0.5729784906552025,0.7142857142857143,0.5350482833643763
only lawyers love millionaires,14,11,3,6,2,0.6428571428571429,0.5393547674155795,0.7142857142857143,0.20274567923927478,0.7857142857142857,0.1461699961699965,0.5714285714285714,0.20871504115808986
sitter,14,9,5,5,3,0.6428571428571429,0.42573536108226573,0.7142857142857143,0.4732931394767736,0.6428571428571429,0.43012913923182944,0.6428571428571429,0.47999252078827936
this is a good place though small,14,12,2,6,1,0.35714285714285715,0.4593901049343798,0.7142857142857143,0.19817833137073176,0.7142857142857143,0.20087437650255438,0.5,0.43450499801349063
i expect well bounce back this week,25,12,13,6,7,0.6,0.6420543404049093,0.72,0.5536516613574473,0.72,0.5432587133652411,0.64,0.4920620723169227
in,25,22,3,6,2,0.64,0.33082428660222774,0.72,0.23976820346807245,0.64,0.22663329086216108,0.4,0.5225071435566431
neat,25,23,2,6,1,0.8,0.2845804932925879,0.72,0.21893354695789952,0.72,0.20375439646974342,0.72,0.40143516851598277
thigh,25,13,12,7,7,0.6,0.40649946349034943,0.72,0.5803023306473903,0.68,0.5648774220334257,0.64,0.6452029676938019
though,25,11,14,6,7,0.8,0.5564366187893688,0.72,0.5950101033197831,0.72,0.566179037744667,0.56,0.6044707280898314
horn,36,18,18,7,8,0.7777777777777778,0.4627903968674357,0.7222222222222222,0.4129430061934822,0.75,0.4140522271220871,0.7222222222222222,0.5332712732321129
sticks,47,31,16,7,8,0.6808510638297872,0.4015548832511553,0.723404255319149,0.4862918772027895,0.7659574468085106,0.46814277566812984,0.5319148936170213,0.5586118296965554
bubble,29,13,16,7,8,0.6206896551724138,0.44540041196894264,0.7241379310344828,0.6045752283935761,0.7931034482758621,0.5699404500976841,0.7931034482758621,0.5975170465656499
hair,29,13,16,7,8,0.7931034482758621,0.5235576499773229,0.7241379310344828,0.6286815315450377,0.7241379310344828,0.5927779039208118,0.6206896551724138,0.5741132813640762
race,29,13,16,7,8,0.6896551724137931,0.42094384150801606,0.7241379310344828,0.6222858961932203,0.7241379310344828,0.6197389466849124,0.6206896551724138,0.6033977577807655
share,29,13,16,7,8,0.6551724137931034,0.4876742370398065,0.7241379310344828,0.5828514198424821,0.6896551724137931,0.5696715491654771,0.6206896551724138,0.5373703438235788
stick,29,13,16,7,8,0.7931034482758621,0.43859726032463553,0.7241379310344828,0.5196782123571503,0.6896551724137931,0.49869171577978844,0.5862068965517241,0.5510169131693834
well he is nearly ninetythree years old,29,13,16,7,7,0.7241379310344828,0.6059921052839994,0.7241379310344828,0.5223632782243813,0.7241379310344828,0.49815834409241333,0.7241379310344828,0.41721731284561925
he dresses himself in an ancient black frock coat,33,16,17,7,7,0.6666666666666666,0.6583641720186024,0.7272727272727273,0.4083777710904615,0.7878787878787878,0.3843849393786604,0.6363636363636364,0.3864149877509009
her position covers a number of daily tasks common to any social director,11,11,0,5,0,0.7272727272727273,0.3947566442014159,0.7272727272727273,0.2653362779511277,0.7272727272727273,0.22824668439131662,0.9090909090909091,0.18437332420739072
i called two different painters,11,11,0,6,0,0.36363636363636365,0.540049093844115,0.7272727272727273,0.2302201117780152,0.7272727272727273,0.24243542373241175,0.9090909090909091,0.16287578918137502
i scream to warm up my voice,11,11,0,6,0,0.6363636363636364,0.4670127182634711,0.7272727272727273,0.31794127861631905,0.7272727272727273,0.28647017866106644,0.5454545454545454,0.4445057935936249
show,11,11,0,6,0,0.45454545454545453,0.4760762067154057,0.7272727272727273,0.2812195120566665,0.7272727272727273,0.29251825009361815,0.8181818181818182,0.2726005131063916
snort,11,11,0,6,0,0.8181818181818182,0.39249461379723544,0.7272727272727273,0.25130890801861694,0.8181818181818182,0.2429856045634323,0.7272727272727273,0.2790668874724369
the marriage went well from the start,11,11,0,5,0,0.7272727272727273,0.41349345399519544,0.7272727272727273,0.23355748084291506,0.7272727272727273,0.23286655366972916,0.9090909090909091,0.1630609094483677
the plot is laced with mysterious incidents,11,11,0,5,0,0.36363636363636365,0.5388090212659743,0.7272727272727273,0.2511252017739403,0.7272727272727273,0.25713127803201263,0.9090909090909091,0.08835257258589214
there is definitely some ligament damage in his knee,11,11,0,6,0,0.6363636363636364,0.4476225764040093,0.7272727272727273,0.2490350199278755,0.8181818181818182,0.1875563620318558,0.9090909090909091,0.15528294342134147
tug,11,11,0,6,0,0.6363636363636364,0.3951572878395344,0.7272727272727273,0.3280693491165056,0.6363636363636364,0.349725714825115,0.5454545454545454,0.4316911008642171
knot,59,34,25,6,7,0.6101694915254238,0.42276271696087986,0.7288135593220338,0.40337262686519343,0.711864406779661,0.3711611454426242,0.7288135593220338,0.44538115155362507
bill,37,35,2,6,1,0.5675675675675675,0.43588893498477843,0.7297297297297297,0.24750984127557477,0.7027027027027027,0.2545898025349193,0.8378378378378378,0.24006763654027444
bear,26,11,15,6,7,0.5769230769230769,0.48506339958243366,0.7307692307692307,0.6809190871816541,0.6923076923076923,0.689300226916322,0.7307692307692307,0.6481361290185816
dead,26,23,3,6,2,0.6538461538461539,0.38574474339481435,0.7307692307692307,0.2967372707287712,0.7692307692307693,0.2832025492775816,0.6923076923076923,0.362459180108368
play,26,13,13,7,7,0.7692307692307693,0.42513827581356545,0.7307692307692307,0.38854029166372084,0.6538461538461539,0.4023813240856426,0.6153846153846154,0.4963936088628661
slay,26,13,13,7,7,0.7692307692307693,0.4206014368716356,0.7307692307692307,0.43765905937742444,0.7307692307692307,0.41996531068063503,0.6153846153846154,0.5349239814550267
jacket,30,13,17,7,8,0.7333333333333333,0.4651292217276079,0.7333333333333333,0.6446535626232778,0.7333333333333333,0.6240507990653773,0.6333333333333333,0.6849742768966901
said,30,24,6,6,4,0.5666666666666667,0.42229143947340975,0.7333333333333333,0.20180153960608702,0.7,0.2283058850768181,0.7333333333333333,0.3453777690206519
best,15,12,3,6,2,0.8,0.3591994931542926,0.7333333333333333,0.3584832001127578,0.7333333333333333,0.3386481424614663,0.6666666666666666,0.43786468465179657
dice,15,11,4,6,1,0.7333333333333333,0.3801446617453513,0.7333333333333333,0.3938616863289612,0.6666666666666666,0.36882127061434555,0.8666666666666667,0.31693475494193096
glitter,15,10,5,5,2,0.4,0.36881589923948,0.7333333333333333,0.32255419567197074,0.7333333333333333,0.3139290556036148,0.6666666666666666,0.46292326240378506
ned,15,12,3,6,2,0.6666666666666666,0.34562485452328545,0.7333333333333333,0.30633579869664423,0.6,0.2642945968161098,0.5333333333333333,0.4104225174724448
sing,15,12,3,6,2,0.6666666666666666,0.23004942608600945,0.7333333333333333,0.23780937330768548,0.8,0.19517017150446697,0.5333333333333333,0.5127652791522631
whitecapped waves covered the entire bay,15,12,3,6,2,0.4,0.5711913149898176,0.7333333333333333,0.34032465871820955,0.6666666666666666,0.3002488381693853,0.5333333333333333,0.2368730294342919
fat,68,42,26,6,7,0.7352941176470589,0.48983432193986404,0.7352941176470589,0.4569472349440757,0.7352941176470589,0.45420902155272186,0.6617647058823529,0.41985238013304294
forward,34,22,12,6,7,0.5588235294117647,0.5281696519463557,0.7352941176470589,0.39609683262856665,0.7352941176470589,0.405753249973015,0.7352941176470589,0.402975439209611
reap,38,38,0,6,0,0.8157894736842105,0.29767606297222715,0.7368421052631579,0.24377224054855126,0.7894736842105263,0.23320843362339022,0.6578947368421053,0.3725288935664411
five,42,34,8,6,5,0.5714285714285714,0.47766032850048423,0.7380952380952381,0.3981856404511935,0.7142857142857143,0.3896908213592342,0.7857142857142857,0.3498087087210747
barn,23,12,11,6,6,0.6086956521739131,0.4834900361012183,0.7391304347826086,0.5552013851339738,0.7391304347826086,0.5152514768651976,0.6086956521739131,0.5352513865383003
before thursdays exam review every formula,23,12,11,6,6,0.7391304347826086,0.616613951627519,0.7391304347826086,0.6261757992652718,0.782608695652174,0.6275664839412252,0.6956521739130435,0.500914174334037
carl lives in a lively home,23,12,11,6,6,0.6086956521739131,0.6492028933052082,0.7391304347826086,0.5750607096257723,0.7391304347826086,0.5508404277003859,0.6086956521739131,0.47156023351931653
cart,23,12,11,6,6,0.6956521739130435,0.5499955408257895,0.7391304347826086,0.583221088906298,0.6956521739130435,0.5515251478636712,0.6521739130434783,0.5673063273430301
golf,23,12,11,6,6,0.6956521739130435,0.49625956346970157,0.7391304347826086,0.48619902795626724,0.7391304347826086,0.4808707790136454,0.5652173913043478,0.4465928629384372
knitting,23,12,11,6,6,0.6521739130434783,0.4409874620899102,0.7391304347826086,0.59843987984586,0.7391304347826086,0.5973502187693751,0.782608695652174,0.5467291337021976
my sister made the flowered curtains,23,11,12,6,7,0.6086956521739131,0.5587956367297356,0.7391304347826086,0.3786022420549791,0.7391304347826086,0.37100473749926477,0.6956521739130435,0.3594357991664189
pay,23,11,12,6,7,0.782608695652174,0.3765278646977934,0.7391304347826086,0.6272146030846077,0.782608695652174,0.6174249363887818,0.4782608695652174,0.7825477969630754
pile,23,11,12,6,7,0.6086956521739131,0.43523270190013347,0.7391304347826086,0.468770767030032,0.782608695652174,0.4665213652116881,0.782608695652174,0.45665112864133667
single,23,11,12,6,7,0.6521739130434783,0.36689135662994665,0.7391304347826086,0.4144027504165045,0.7391304347826086,0.40884220006970967,0.6521739130434783,0.5678525757493509
sitting,23,12,11,6,6,0.6521739130434783,0.40408557215649804,0.7391304347826086,0.44771519878467675,0.7391304347826086,0.44581117699212214,0.6086956521739131,0.5890226551819041
the train approached the depot slowly,23,11,12,6,7,0.782608695652174,0.554211329353414,0.7391304347826086,0.47237754494062084,0.7391304347826086,0.46955929631191856,0.6086956521739131,0.4794666541376711
air,104,59,45,7,8,0.7692307692307693,0.4467195528728049,0.7403846153846154,0.4813622647050748,0.7403846153846154,0.47034888656072193,0.6826923076923077,0.5037952512351661
glow,27,13,14,7,7,0.7407407407407407,0.4829259912760297,0.7407407407407407,0.6363283450348641,0.7037037037037037,0.6287454401275132,0.5925925925925926,0.6396156198727424
prior,27,13,14,7,7,0.7777777777777778,0.5164511005891453,0.7407407407407407,0.719026011029589,0.7407407407407407,0.7056324909240727,0.5555555555555556,0.5656714632147811
for,31,15,16,7,8,0.5161290322580645,0.4622553006739837,0.7419354838709677,0.5251965546337434,0.7419354838709677,0.53108925687591,0.6774193548387096,0.4772617926307433
rave,31,13,18,7,8,0.7096774193548387,0.4814997161256866,0.7419354838709677,0.6988076510441001,0.7096774193548387,0.6888515714019754,0.7741935483870968,0.6784089057166603
trouble,31,13,18,7,8,0.6129032258064516,0.4603743134001319,0.7419354838709677,0.5620937858110403,0.7419354838709677,0.5725695771068248,0.6129032258064516,0.5120314103292987
pit,66,41,25,6,6,0.7424242424242424,0.4157318469916108,0.7424242424242424,0.4880474525273468,0.7575757575757576,0.45691982472406456,0.5151515151515151,0.5419564207189289
fork,47,40,7,6,2,0.6595744680851063,0.3610865833098974,0.7446808510638298,0.18123196923086005,0.723404255319149,0.17389864052463713,0.574468085106383,0.34483666821731584
at,55,35,20,6,6,0.7090909090909091,0.4551633713496395,0.7454545454545455,0.38571529942362226,0.7454545454545455,0.36257713192787255,0.6,0.44811964664116893
spit,55,35,20,6,7,0.6727272727272727,0.38857818870280153,0.7454545454545455,0.4320990653856378,0.7272727272727273,0.4048448086428538,0.5454545454545454,0.5443149873782716
tear,64,32,32,7,8,0.734375,0.4271826339023058,0.75,0.6120351710041776,0.75,0.6040041676491008,0.78125,0.6274905883801402
bit,56,27,29,7,8,0.6785714285714286,0.476841219294898,0.75,0.4746353856944684,0.7678571428571429,0.4940535378176106,0.625,0.5534535674347782
seven,44,31,13,6,6,0.75,0.4179442791386361,0.75,0.4630786670319987,0.7045454545454546,0.4514144822143864,0.5681818181818182,0.4935177337198107
corn,36,20,16,7,8,0.7222222222222222,0.46953331080502925,0.75,0.5031918645335227,0.7777777777777778,0.5164436243713287,0.6666666666666666,0.4552265722636705
bread,28,22,6,6,3,0.5714285714285714,0.46382911192398973,0.75,0.2917897031082876,0.75,0.2733841042732982,0.7142857142857143,0.35582312975064484
their house is grey and white,28,15,13,7,7,0.5357142857142857,0.5619748546094967,0.75,0.44589480230750783,0.75,0.44966336014796776,0.6785714285714286,0.4503501008606731
urgent,28,13,15,7,7,0.75,0.5087828929737152,0.75,0.5934837474432335,0.75,0.5794394786670521,0.6428571428571429,0.5371021869577561
both figures would go higher in later years,24,12,12,6,7,0.5833333333333334,0.6048085184049027,0.75,0.5874807112523728,0.75,0.5481423982137376,0.7083333333333334,0.5493169954108185
kilo,24,11,13,6,6,0.7083333333333334,0.4853330797369045,0.75,0.4201137873595055,0.7083333333333334,0.4016649585105186,0.5,0.44948141975569117
nothing has been done yet to take advantage of the enabling legislation,24,11,13,6,7,0.6666666666666666,0.5815609583375616,0.75,0.5138267730181801,0.8333333333333334,0.4611551134881052,0.625,0.45281551035138284
one validated acts of school districts,24,11,13,6,7,0.5833333333333334,0.6546051007676691,0.75,0.4312766652412326,0.7916666666666666,0.41237216445459807,0.6666666666666666,0.40893198237943684
shear,24,11,13,6,7,0.625,0.4632159947064975,0.75,0.5227492607409522,0.7916666666666666,0.5257982674820613,0.7083333333333334,0.4918541138966406
snoop,24,11,13,6,7,0.5416666666666666,0.45147686453586705,0.75,0.6222282473440544,0.75,0.6391923637550767,0.7083333333333334,0.5867742071735658
the humidity is overwhelming there,24,11,13,6,7,0.6666666666666666,0.5375118709180388,0.75,0.5722097964290499,0.75,0.5490497324984417,0.4166666666666667,0.5421825194260326
white,24,13,11,7,6,0.75,0.47320634824333063,0.75,0.2691799777087566,0.75,0.27251727267432174,0.7916666666666666,0.3429048620227532
nobody really expects to evacuate,20,14,6,6,2,0.45,0.5184781576159225,0.75,0.4829888043829074,0.75,0.45083938399808227,0.7,0.4281631802836337
did dad do academic bidding,16,13,3,6,2,0.5625,0.5946034485350115,0.75,0.4493207073909682,0.6875,0.44973191651750755,0.6875,0.3011497208857764
im willing to experiment for the first time,16,11,5,6,3,0.5,0.5240154315192259,0.75,0.5992717695180336,0.75,0.5581440205680216,0.5,0.39354486034220015
sand,16,11,5,6,3,0.8125,0.43321883661845023,0.75,0.18892952468353308,0.6875,0.1599563279381384,0.5625,0.19029594078019052
her classical performance gained critical acclaim,12,12,0,6,0,0.5833333333333334,0.4384053218303034,0.75,0.29039883728363547,0.75,0.2950438076265758,0.5833333333333334,0.41194604805943885
sea,12,12,0,6,0,0.9166666666666666,0.25814496014794647,0.75,0.24297794107275686,0.75,0.24491694923976104,0.75,0.2982192849708772
sicker,12,12,0,6,0,0.75,0.3420341175358701,0.75,0.2564198275446578,0.75,0.26009881729083784,0.5,0.46744770887936693
we know we can score,12,12,0,5,0,0.75,0.3553275299630298,0.75,0.24122596785351405,0.75,0.23456454669960447,0.75,0.27738224970363773
sip,106,51,55,7,8,0.7075471698113207,0.3868881226747588,0.7547169811320755,0.4754928266516861,0.7830188679245284,0.461115053810343,0.7075471698113207,0.5688550004720365
right,45,24,21,7,8,0.7777777777777778,0.5085409192588545,0.7555555555555555,0.5486536063695084,0.7333333333333333,0.5353515777461179,0.6666666666666666,0.4701083621531301
were,33,11,22,6,7,0.6666666666666666,0.48026828993106657,0.7575757575757576,0.6867258242020218,0.7575757575757576,0.6509427494073114,0.8181818181818182,0.6394385822193721
yet he still thinks as swiftly as ever,33,13,20,7,8,0.7272727272727273,0.5883190527683355,0.7575757575757576,0.5595296327249507,0.7575757575757576,0.5326803370342357,0.7575757575757576,0.5293436167527689
bat,58,30,28,7,8,0.6724137931034483,0.47045709968460825,0.7586206896551724,0.49312746571500016,0.7586206896551724,0.47876219788654656,0.7413793103448276,0.5104025727771537
car,29,13,16,7,8,0.7586206896551724,0.5172154877172632,0.7586206896551724,0.6410513530138595,0.6896551724137931,0.5829287284348715,0.6551724137931034,0.5958589626949342
fee,29,13,16,7,8,0.6896551724137931,0.4099030223687154,0.7586206896551724,0.6176941851386349,0.7586206896551724,0.6056588004326372,0.6896551724137931,0.5647250047192889
if you destroy confidence in banks you do something to the economy he said,29,13,16,6,7,0.6551724137931034,0.595762709238332,0.7586206896551724,0.6212646592149244,0.7931034482758621,0.5975348667641254,0.5172413793103449,0.49993455383632285
knee,29,13,16,7,8,0.6206896551724138,0.39821962387611926,0.7586206896551724,0.5815058449394911,0.7586206896551724,0.5342311610737537,0.7931034482758621,0.6263797638376294
raid,29,13,16,7,8,0.7931034482758621,0.4660590862289342,0.7586206896551724,0.6293094434898405,0.7586206896551724,0.5874571968531135,0.6551724137931034,0.6544329718079207
swore,29,13,16,7,8,0.7586206896551724,0.4239314061762092,0.7586206896551724,0.5895301541330348,0.7931034482758621,0.5768217705101101,0.5517241379310345,0.6543623579381375
coupe,25,13,12,7,7,0.6,0.36809913549179657,0.76,0.4116199672207222,0.8,0.42481979887727184,0.64,0.5530001556167683
kitten,25,12,13,6,7,0.68,0.37925891343203083,0.76,0.5632168075004497,0.8,0.5436134046889489,0.72,0.6756277454151036
sleep,25,13,12,7,7,0.64,0.37201303677126335,0.76,0.3959803976112463,0.8,0.38712217533162435,0.68,0.3773550102012075
the dolphins swam around our boat,25,12,13,6,6,0.72,0.6723771563633512,0.76,0.5421900887866841,0.76,0.5150075984750114,0.52,0.44975155105408715
tile,42,28,14,6,7,0.5714285714285714,0.4207205668563383,0.7619047619047619,0.43611374435856054,0.7619047619047619,0.43682461274120543,0.7380952380952381,0.4159317890893649
alfalfa is healthy for you,21,12,9,6,5,0.7142857142857143,0.6170794071890155,0.7619047619047619,0.5510880869803275,0.7619047619047619,0.5494619017118244,0.6190476190476191,0.537968068001029
bloat,21,12,9,6,5,0.7142857142857143,0.4936509027203196,0.7619047619047619,0.38032147915364933,0.7619047619047619,0.39399190311130217,0.5714285714285714,0.3464039087659698
he is definitely a notch above us,21,12,9,6,3,0.5238095238095238,0.5311833950757203,0.7619047619047619,0.3897073610071204,0.7142857142857143,0.26449512719770274,0.6190476190476191,0.3111975898476153
mush,21,12,9,6,5,0.8095238095238095,0.5291088822173298,0.7619047619047619,0.5408092948197236,0.7619047619047619,0.529675818003768,0.5714285714285714,0.4108075785589284
wicked,21,12,9,6,5,0.7619047619047619,0.44515069247674066,0.7619047619047619,0.3049459661491142,0.7619047619047619,0.30082632959381167,0.6666666666666666,0.4019631608581148
form,34,18,16,7,8,0.8529411764705882,0.46343767910643774,0.7647058823529411,0.5511375698495774,0.7058823529411765,0.549277732381617,0.5882352941176471,0.5618568620144755
add,17,17,0,5,0,0.6470588235294118,0.3840770730209538,0.7647058823529411,0.2823777480700621,0.7647058823529411,0.2584605789151735,0.7058823529411765,0.2966015498917989
although always alone we survive,17,12,5,6,3,0.5882352941176471,0.5978123527836584,0.7647058823529411,0.28891819436264443,0.7058823529411765,0.2999421645441303,0.47058823529411764,0.2987783823801987
he really crucified him he nailed it for a yard loss,17,14,3,6,2,0.6470588235294118,0.5801132759387715,0.7647058823529411,0.4226894728975478,0.8235294117647058,0.3868771884875987,0.5882352941176471,0.3044895346272977
some hotels are available nearby,17,12,5,6,2,0.4117647058823529,0.4158330174889522,0.7647058823529411,0.19521950480377392,0.7647058823529411,0.1878762810491095,0.7647058823529411,0.17458853662698617
whisky,17,12,5,6,2,0.5294117647058824,0.259297949233551,0.7647058823529411,0.41361893506968656,0.7647058823529411,0.409006898180254,0.7058823529411765,0.5361471196231467
except in the winter when the ooze or snow or ice prevents,30,13,17,7,8,0.8,0.6749057600078516,0.7666666666666667,0.6134106433155405,0.7666666666666667,0.6067401347392474,0.6333333333333333,0.5410937802597936
slip,82,39,43,7,8,0.7317073170731707,0.4386544005661444,0.7682926829268293,0.493116594264236,0.7560975609756098,0.4616535041058075,0.7682926829268293,0.5536744311544433
yes,104,61,43,7,8,0.7403846153846154,0.4132599997047199,0.7692307692307693,0.36066963992798967,0.7980769230769231,0.3652494281685298,0.6923076923076923,0.41940200702639285
witch,65,35,30,6,7,0.7538461538461538,0.4885103221276106,0.7692307692307693,0.4285910656636785,0.8,0.42612967580558153,0.6923076923076923,0.3571631055048139
back,39,22,17,6,7,0.7435897435897436,0.4374253982302105,0.7692307692307693,0.46251941232532234,0.7692307692307693,0.43284748418310853,0.6923076923076923,0.48985589340524466
delta,26,13,13,7,7,0.8076923076923077,0.4496542097162558,0.7692307692307693,0.5404132561122119,0.7307692307692307,0.5166510572600557,0.6538461538461539,0.5568184156900702
galore,26,13,13,7,7,0.6538461538461539,0.4669825657859192,0.7692307692307693,0.608987764700242,0.7307692307692307,0.5657546782119981,0.6538461538461539,0.6845640209243633
i was conscious all the time,26,11,15,6,7,0.6538461538461539,0.5624064236374754,0.7692307692307693,0.5084082202315497,0.7307692307692307,0.4765832154940877,0.6538461538461539,0.4084603989401903
he asked you for a loan,13,11,2,6,1,0.46153846153846156,0.5120839437935562,0.7692307692307693,0.23811705069352235,0.7692307692307693,0.1569999797050929,0.6153846153846154,0.351759892099245
old,13,13,0,6,0,0.6153846153846154,0.3928559309737618,0.7692307692307693,0.2546658294846391,0.7692307692307693,0.2590268374195005,0.6923076923076923,0.37265218695771246
pet,13,13,0,5,0,1.0,0.23237323426409032,0.7692307692307693,0.2383539974751049,0.7692307692307693,0.20848848343060922,0.6153846153846154,0.43593587941703366
quicker,13,12,1,6,1,0.6923076923076923,0.3457865507481339,0.7692307692307693,0.1849185605444852,0.7692307692307693,0.19219657049782415,0.5384615384615384,0.48031877754474156
suddenly my reflexes are gone,13,13,0,6,0,0.38461538461538464,0.5024706042359331,0.7692307692307693,0.21963665398501173,0.7692307692307693,0.22269999065659404,0.7692307692307693,0.2995211665475446
spark,57,24,33,7,8,0.6842105263157895,0.5486754288781178,0.7719298245614035,0.5520274141495826,0.7894736842105263,0.5586785535636816,0.6842105263157895,0.5065386115895287
cash,31,29,2,6,1,0.7741935483870968,0.37235794841183595,0.7741935483870968,0.17049440068108782,0.7419354838709677,0.1821779294181896,0.7741935483870968,0.28682132585540454
this is not a program of socialized medicine,31,14,17,6,7,0.6129032258064516,0.6625934744984004,0.7741935483870968,0.4839168431817075,0.7419354838709677,0.5076015940325045,0.7096774193548387,0.3219836509515037
meat,76,54,22,7,8,0.7763157894736842,0.32908190172012136,0.7763157894736842,0.3554026245320643,0.8157894736842105,0.33789094497687383,0.6710526315789473,0.4951033976426148
park,54,25,29,7,8,0.6851851851851852,0.5295568001192333,0.7777777777777778,0.45903403152674077,0.7962962962962963,0.4673776119062485,0.7037037037037037,0.4775451757536227
he slowly takes a short walk in the open air each day,27,13,14,7,7,0.6666666666666666,0.6199438640860648,0.7777777777777778,0.6234748945725977,0.8148148148148148,0.5955418949957498,0.5925925925925926,0.6229611933475645
loyal,27,14,13,6,7,0.6666666666666666,0.5689810243537712,0.7777777777777778,0.6497857907799335,0.7777777777777778,0.6338435462479118,0.5925925925925926,0.4612496202609083
a good attitude is unbeatable,18,11,7,6,4,0.6111111111111112,0.554764156876456,0.7777777777777778,0.4911431127594548,0.7777777777777778,0.4020151319693736,0.5555555555555556,0.4074910455589547
wise,18,18,0,6,0,0.6666666666666666,0.42800154351455744,0.7777777777777778,0.2319431449125434,0.7222222222222222,0.23229123921538186,0.7222222222222222,0.2452530365856804
mother sews yellow gingham aprons,32,19,13,7,7,0.6875,0.6098349671398402,0.78125,0.4831853991296322,0.75,0.48317201559337036,0.75,0.4129040021432189
feet,87,55,32,7,8,0.7816091954022989,0.3249254831269373,0.7816091954022989,0.37668637606425925,0.735632183908046,0.3741222344328501,0.6551724137931034,0.48553488612571094
alimony harms a divorced mans wealth,23,12,11,6,6,0.6521739130434783,0.6663982667570276,0.782608695652174,0.6165961137351538,0.782608695652174,0.5870189737894014,0.6086956521739131,0.52500078721747
bright sunshine shimmers on the ocean,23,11,12,6,7,0.6521739130434783,0.5875541750927091,0.782608695652174,0.5508727533303327,0.782608695652174,0.5596788902547584,0.7391304347826086,0.507838961491445
charlie,23,11,12,6,7,0.8695652173913043,0.49382261491157303,0.782608695652174,0.5046547393968793,0.7391304347826086,0.48402744827565786,0.7391304347826086,0.4564420259882984
hark,23,12,11,6,6,0.6521739130434783,0.5449982158461103,0.782608695652174,0.5213011370190879,0.782608695652174,0.5218806287699358,0.782608695652174,0.45659010043209763
hem,23,12,11,6,6,0.6086956521739131,0.3911269875730567,0.782608695652174,0.3461097951583443,0.8260869565217391,0.34844755828370977,0.5652173913043478,0.5545652045483365
night after night they received annoying phone calls,23,12,11,6,6,0.6521739130434783,0.5321393769104964,0.782608695652174,0.4643609948725359,0.6956521739130435,0.4465577691766263,0.6086956521739131,0.49942192492174386
seat,23,23,0,6,0,0.9565217391304348,0.2455836594891351,0.782608695652174,0.2329071625532166,0.8260869565217391,0.20421562558548434,0.6521739130434783,0.3391630443314255
sergeant,23,12,11,6,6,0.7391304347826086,0.5097788612785884,0.782608695652174,0.5163860401582506,0.8695652173913043,0.4786691839207634,0.5652173913043478,0.4780304943653309
swing your arm as high as you can,23,12,11,6,6,0.6956521739130435,0.6118288976269028,0.782608695652174,0.4723402963132772,0.7391304347826086,0.4285788235855756,0.6521739130434783,0.3716461292589784
tell,23,12,11,6,6,0.5652173913043478,0.381058698806031,0.782608695652174,0.36912340134443616,0.6956521739130435,0.34319316235097713,0.7391304347826086,0.5251621087657207
the box contained three sweaters,23,12,11,6,6,0.6521739130434783,0.6216271768317103,0.782608695652174,0.25742410499340873,0.782608695652174,0.26723858569805686,0.6956521739130435,0.1960743122236721
the little schoolhouse stood empty,23,12,11,6,6,0.6086956521739131,0.5935364117786229,0.782608695652174,0.4696318695386675,0.7391304347826086,0.4629612659799829,0.6956521739130435,0.35930151570727026
sin,42,32,10,6,4,0.7619047619047619,0.3907017457155604,0.7857142857142857,0.28048453396642686,0.8095238095238095,0.28149021248565814,0.6190476190476191,0.43318399028677745
he further proposed grants of an unspecified sum for experimental hospitals,28,14,14,6,6,0.75,0.6740609315304333,0.7857142857142857,0.5947289887363062,0.8214285714285714,0.5510896956552703,0.4642857142857143,0.3398034624414486
jungle,28,13,15,7,7,0.6071428571428571,0.4398113008000619,0.7857142857142857,0.3529712133849604,0.75,0.32872009720677925,0.6428571428571429,0.35999096186958796
nothing is as offensive as innocence,28,13,15,7,7,0.8214285714285714,0.5761527006954201,0.7857142857142857,0.47862461061942924,0.7857142857142857,0.47292687097768266,0.5357142857142857,0.3717778026250663
sink,28,23,5,6,3,0.75,0.3062339355652427,0.7857142857142857,0.18125672552990166,0.8214285714285714,0.14636236783556006,0.75,0.4072345975948828
he took me out one day,14,12,2,6,1,0.5,0.3795573145934409,0.7857142857142857,0.17557665240751583,0.7857142857142857,0.11766311860550303,0.5714285714285714,0.42378401229829316
help greg to pick a peck of potatoes,14,12,2,6,1,0.42857142857142855,0.5110654895286901,0.7857142857142857,0.26324486699430877,0.8571428571428571,0.23498676218439124,0.6428571428571429,0.20220768826732458
tail,14,14,0,5,0,0.9285714285714286,0.2651159655205115,0.7857142857142857,0.21120177283778827,0.7857142857142857,0.22402350836227838,0.8571428571428571,0.32152905709245655
the owners regularly look for plumbing leaks,14,9,5,5,3,0.6428571428571429,0.6315744745180835,0.7857142857142857,0.45247306020165884,0.7857142857142857,0.3947430340492969,0.6428571428571429,0.32299368036341297
bug,33,13,20,7,8,0.6060606060606061,0.4428157453702058,0.7878787878787878,0.7165402847965652,0.7878787878787878,0.6991949517764836,0.7272727272727273,0.6807585119882353
feed,72,40,32,7,8,0.7083333333333334,0.35536596570387274,0.7916666666666666,0.47374373008136456,0.7638888888888888,0.47694389804792514,0.6944444444444444,0.5499576834733014
everything went real smooth the sheriff said,24,11,13,6,7,0.7916666666666666,0.6537747171080833,0.7916666666666666,0.5749077240062088,0.7916666666666666,0.5633940327774862,0.6666666666666666,0.39850659132680183
i tried to tell people in the community,24,11,13,6,7,0.6666666666666666,0.5503271435938916,0.7916666666666666,0.5124960905389292,0.8333333333333334,0.4883003211308619,0.7083333333333334,0.4337837014181498
peer,24,11,13,6,7,0.7916666666666666,0.4585396924313203,0.7916666666666666,0.4604331792841742,0.7916666666666666,0.4648693643991766,0.8333333333333334,0.5252072318122619
sprinkle,24,11,13,6,7,0.7083333333333334,0.3944463193089868,0.7916666666666666,0.5318433441277913,0.75,0.5176058510252517,0.75,0.5374141803509601
dagger,29,13,16,7,8,0.6551724137931034,0.47053291617812576,0.7931034482758621,0.6699045915812584,0.7586206896551724,0.6421850706355559,0.5172413793103449,0.6510071916467047
fair,29,13,16,7,8,0.6551724137931034,0.497970373249407,0.7931034482758621,0.5568221401211643,0.7931034482758621,0.5657716597800285,0.7586206896551724,0.5149660394167882
go,29,13,16,7,8,0.7241379310344828,0.49987170051842394,0.7931034482758621,0.6324233819871248,0.8620689655172413,0.6183014602121901,0.6551724137931034,0.4990849581660112
trace,29,13,16,7,8,0.7586206896551724,0.5082579605013194,0.7931034482758621,0.6250843367187151,0.7931034482758621,0.6309118315975143,0.5862068965517241,0.5781410620052241
farm,34,18,16,7,8,0.7647058823529411,0.46561104444636214,0.7941176470588235,0.6094721920569154,0.7647058823529411,0.5384263077896857,0.5882352941176471,0.6085179553054003
beta,30,13,17,7,8,0.7666666666666667,0.48906496363333496,0.8,0.5459580350456794,0.8,0.5746428991713057,0.5333333333333333,0.5892135767107295
rain,30,15,15,7,8,0.7666666666666667,0.45323241214359933,0.8,0.48468596230056277,0.8,0.47007667862670355,0.6,0.6361991031576861
rocks,30,13,17,7,7,0.7,0.51843868911674,0.8,0.6208152893244384,0.8666666666666667,0.5974010463533166,0.7,0.5044209810776731
group,25,13,12,7,7,0.76,0.46768085630607265,0.8,0.5689120533098321,0.76,0.5659936027088893,0.64,0.5339101850429269
he wrapped the package hastily,25,14,11,6,6,0.6,0.6664606145182717,0.8,0.372292276373545,0.8,0.3742225628045535,0.68,0.2986836922804684
lick,25,12,13,6,6,0.64,0.40889041876471793,0.8,0.47184169045780294,0.84,0.465796639847373,0.56,0.5035203592523598
troop,25,13,12,7,7,0.76,0.5342526309208631,0.8,0.5784131189722621,0.76,0.5914680755247542,0.72,0.4918713612811168
sort,20,18,2,6,1,0.65,0.3393191931075362,0.8,0.20849238547392063,0.75,0.17220101313429828,0.6,0.3625894874735483
walk,15,11,4,6,2,0.6666666666666666,0.35627342954602664,0.8,0.13867244120029773,0.7333333333333333,0.14345865028293545,0.7333333333333333,0.32160711099092254
wit,15,12,3,6,2,0.6666666666666666,0.3458419742122647,0.8,0.3644082521340597,0.8,0.35365581762656045,0.6666666666666666,0.4637876533627672
beam,10,10,0,6,0,1.0,0.20652664042416843,0.8,0.24314189986933457,0.8,0.2279734406940209,0.6,0.39228388673429176
beef,10,10,0,6,0,1.0,0.23409782429068252,0.8,0.26523866702482335,0.8,0.26256132704483837,0.6,0.48599899076163444
center,10,10,0,6,0,0.8,0.2985259342034642,0.8,0.211164861285215,0.8,0.22824997413859233,0.5,0.4856279282516245
i loved every minute of it,10,10,0,6,0,0.6,0.42758046524909554,0.8,0.2221830673097429,0.8,0.20175546797906088,0.8,0.3024237241068321
look for pockets of black sand,10,10,0,5,0,0.6,0.46893774047297504,0.8,0.1847419548363888,0.8,0.1906857208520863,0.8,0.1558443191398718
me,10,10,0,6,0,1.0,0.21579166732352525,0.8,0.22911794934079807,0.7,0.2606606536576398,0.5,0.4594630703266409
member,10,10,0,6,0,0.8,0.30692051661968883,0.8,0.22161523692488666,0.8,0.24028379030281227,0.5,0.4618343311259617
mile,10,10,0,5,0,0.8,0.33224899166455657,0.8,0.21762612837599132,0.8,0.2381489649708984,0.7,0.3137057864093961
ate,66,42,24,7,7,0.696969696969697,0.38595987934439474,0.803030303030303,0.3031392454993366,0.7878787878787878,0.28795732236729915,0.7424242424242424,0.43632936261083843
a long flowing beard clings to his chin,31,13,18,7,8,0.7741935483870968,0.6370644472335344,0.8064516129032258,0.5922774677532893,0.8064516129032258,0.5823944367047306,0.7096774193548387,0.5524856231098185
dark,52,25,27,7,8,0.7115384615384616,0.5092712946703564,0.8076923076923077,0.5408893680790147,0.7884615384615384,0.5541863949209792,0.75,0.5826959078120514
six,52,41,11,6,6,0.8269230769230769,0.2928094396318962,0.8076923076923077,0.24402220060311755,0.8076923076923077,0.22194307713476924,0.7115384615384616,0.46332591847212246
brawn,26,12,14,6,7,0.6538461538461539,0.5000681357767501,0.8076923076923077,0.5828497249895008,0.8461538461538461,0.5619372949642027,0.6153846153846154,0.5711662907642457
fear,26,11,15,6,7,0.7692307692307693,0.5010271278035315,0.8076923076923077,0.5864314132833449,0.7692307692307693,0.5927818181903818,0.6153846153846154,0.5578663541181532
whoop,26,13,13,7,7,0.7307692307692307,0.45376246357782457,0.8076923076923077,0.5459148269039452,0.8461538461538461,0.5141089776714703,0.7692307692307693,0.5121339780877185
eight,42,31,11,6,6,0.8095238095238095,0.372774667564919,0.8095238095238095,0.28879921008792614,0.8571428571428571,0.25394929347898204,0.6904761904761905,0.41399586814230427
bed,21,18,3,6,2,0.7619047619047619,0.34519451763276826,0.8095238095238095,0.18189611951583,0.8095238095238095,0.16545022431463513,0.6190476190476191,0.30543417618545776
lock,16,12,4,6,2,0.5625,0.4425902871874256,0.8125,0.3046750887364169,0.8125,0.2953886775986148,0.6875,0.31243076757493693
read,65,41,24,7,6,0.7076923076923077,0.37786729487265697,0.8153846153846154,0.3271201284562302,0.8,0.3414602098351513,0.7384615384615385,0.3931365020104414
ship,60,43,17,7,8,0.6666666666666666,0.3957504913218292,0.8166666666666667,0.38361348570800863,0.8166666666666667,0.3873629596398349,0.7333333333333333,0.42134192180873536
court,22,18,4,6,1,0.6363636363636364,0.33946962330384967,0.8181818181818182,0.11886637090598348,0.8181818181818182,0.10774081947391669,0.7727272727272727,0.28270875358913466
addition and subtraction are learned skills,11,11,0,5,0,0.36363636363636365,0.500719188059636,0.8181818181818182,0.1812887876660754,0.8181818181818182,0.21588197298377168,0.9090909090909091,0.16279753932555147
begin by trying to speak up more,11,11,0,5,0,0.6363636363636364,0.4466516804990828,0.8181818181818182,0.18265376212121895,0.8181818181818182,0.17027712447628274,1.0,0.043931714165127825
biblical scholars argue history,11,11,0,6,0,0.45454545454545453,0.4534760625729652,0.8181818181818182,0.17010285838279246,0.9090909090909091,0.10031885545218812,0.8181818181818182,0.2848804168387446
dill,11,11,0,6,0,0.5454545454545454,0.4615246652101914,0.8181818181818182,0.23028151152584797,0.8181818181818182,0.21730433480780065,0.9090909090909091,0.23193038546270917
dont do charlies dirty dishes,11,11,0,6,0,0.45454545454545453,0.5538500409049344,0.8181818181818182,0.22396960109475772,0.7272727272727273,0.23948489708748727,0.9090909090909091,0.12307403161493347
fender,11,11,0,5,0,0.7272727272727273,0.3349007199504466,0.8181818181818182,0.24330160323936473,0.7272727272727273,0.3132521869212306,0.7272727272727273,0.3138395840173556
fold,11,11,0,4,0,0.8181818181818182,0.33757921675592323,0.8181818181818182,0.19518350242552432,0.8181818181818182,0.19680550222305032,0.8181818181818182,0.2806493460823038
gas,11,11,0,6,0,0.7272727272727273,0.41157648819369713,0.8181818181818182,0.20272017314987545,0.8181818181818182,0.1801352407414104,0.8181818181818182,0.2233910865295493
life is short and precious,11,11,0,6,0,0.45454545454545453,0.5157094478535682,0.8181818181818182,0.23345039981160715,0.7272727272727273,0.238995115545797,0.7272727272727273,0.2676694916483332
port,11,11,0,6,0,0.5454545454545454,0.46320023459343473,0.8181818181818182,0.1603784030507537,0.8181818181818182,0.1689234329929124,0.8181818181818182,0.20080119013238268
shed,11,11,0,6,0,0.6363636363636364,0.3796956731317484,0.8181818181818182,0.223991642836619,0.8181818181818182,0.2169346035190971,0.6363636363636364,0.3886252221324393
shot,11,11,0,6,0,0.5454545454545454,0.4986191493741173,0.8181818181818182,0.1446018504469645,0.9090909090909091,0.137270562061824,0.9090909090909091,0.14502830269045436
sketch,11,11,0,6,0,0.7272727272727273,0.39687359138030565,0.8181818181818182,0.19884050306647197,0.9090909090909091,0.16333080801933159,0.6363636363636364,0.34344120253501276
threat,11,11,0,6,0,0.7272727272727273,0.36222393681330517,0.8181818181818182,0.24881294293530362,0.8181818181818182,0.21894967646523986,0.7272727272727273,0.30625719811503677
and,39,24,15,6,6,0.6666666666666666,0.3694480844785842,0.8205128205128205,0.43847928045596224,0.7948717948717948,0.4107772472463762,0.717948717948718,0.4912526126302819
beat,90,55,35,7,8,0.7333333333333333,0.34228404428718173,0.8222222222222222,0.4126022396972694,0.8,0.4151058812605152,0.7444444444444445,0.4878677485934831
torn,34,18,16,7,8,0.7352941176470589,0.38822173721742986,0.8235294117647058,0.5045904308322724,0.8529411764705882,0.49895808125446983,0.6764705882352942,0.508741402888898
ticker,17,12,5,6,3,0.8823529411764706,0.3891239310544628,0.8235294117647058,0.5152904406129337,0.7647058823529411,0.5044254913638684,0.7058823529411765,0.5672682493642396
fitting,23,12,11,6,6,0.7391304347826086,0.5581342198540485,0.8260869565217391,0.49816046105845246,0.782608695652174,0.4925279907471878,0.6521739130434783,0.39041359431341977
reek,23,12,11,6,6,0.6956521739130435,0.4330151715691832,0.8260869565217391,0.4196251744332654,0.8260869565217391,0.41608016186459684,0.7391304347826086,0.4749396249093271
sway,23,11,12,6,7,0.6956521739130435,0.4142293825751967,0.8260869565217391,0.6247054308883178,0.782608695652174,0.6012230916450473,0.6521739130434783,0.6091679192262546
when all else fails use force,23,14,9,6,5,0.5652173913043478,0.7065389415848131,0.8260869565217391,0.42496097272222816,0.8695652173913043,0.3792349517840598,0.5217391304347826,0.3665750977528237
both injuries were to the same leg,29,16,13,6,7,0.6551724137931034,0.6178767669765383,0.8275862068965517,0.42844551932939867,0.7931034482758621,0.4435250429687355,0.7241379310344828,0.35609378272633374
twice each day he plays skillfully and with zest upon our small organ,29,13,16,7,8,0.6551724137931034,0.6817610002491123,0.8275862068965517,0.531126863427275,0.8275862068965517,0.5336449879878751,0.6206896551724138,0.4658567890805076
i feel i can play this weekend,24,11,13,6,7,0.6666666666666666,0.5594442073743663,0.8333333333333334,0.49851244231530073,0.8333333333333334,0.47563044580706143,0.5833333333333334,0.46037239128542246
tread,18,12,6,5,4,0.6666666666666666,0.40949875188394036,0.8333333333333334,0.30434495879095036,0.8333333333333334,0.292595683822477,0.7777777777777778,0.4153697514141094
full,12,12,0,5,0,0.75,0.38122600972792403,0.8333333333333334,0.197658050568414,0.8333333333333334,0.2043686410843721,0.8333333333333334,0.25462278273349476
liquor,12,12,0,6,0,0.75,0.3608566175802663,0.8333333333333334,0.2380987277242493,0.8333333333333334,0.24492437525551583,0.5833333333333334,0.4940174407868931
this he added brought about petty jealousies and petty personal grievances,12,12,0,5,0,0.5,0.47507059153310904,0.8333333333333334,0.16305880656634858,0.8333333333333334,0.16601811940948458,0.9166666666666666,0.148850907666676
lip,55,41,14,6,7,0.8,0.4008112886148064,0.8363636363636363,0.36016983946275416,0.8363636363636363,0.34008958936310213,0.7272727272727273,0.4454006531502495
dug,49,33,16,7,8,0.7959183673469388,0.46799225375799874,0.8367346938775511,0.382396865472594,0.8367346938775511,0.37994896610062645,0.8367346938775511,0.36448669716493576
hand,31,28,3,6,2,0.8709677419354839,0.3129688209071724,0.8387096774193549,0.2726913982058072,0.8387096774193549,0.22438259092903073,0.5806451612903226,0.43771121184261697
store,31,15,16,7,8,0.7419354838709677,0.44970801485505035,0.8387096774193549,0.4836486219345158,0.8387096774193549,0.4938926774008421,0.6451612903225806,0.4454778213252255
foxtrot,25,12,13,6,6,0.56,0.5634441295454822,0.84,0.5956130879433352,0.84,0.5923627190452365,0.6,0.5233846036775556
heat,25,25,0,6,0,0.88,0.2679704132162286,0.84,0.15421772687133395,0.88,0.12720786446620075,0.76,0.2977988851927718
juliet,25,12,13,6,7,0.64,0.5426961075603276,0.84,0.5602247156764315,0.8,0.5561788392380779,0.72,0.5146742851478654
oscar,25,14,11,6,6,0.6,0.5253157510839137,0.84,0.5044570502358992,0.84,0.5046743774850423,0.6,0.49667300701135375
the books are very expensive,25,14,11,6,6,0.68,0.5477849100515784,0.84,0.44607347760891414,0.8,0.43423933141984633,0.64,0.4697816434511065
there is a treehouse up above,25,12,13,6,7,0.72,0.6608305498252175,0.84,0.5559490146619415,0.84,0.5511397329355736,0.72,0.4629031027116708
tie,26,11,15,6,7,0.7692307692307693,0.4825831192869157,0.8461538461538461,0.6055986219957783,0.8461538461538461,0.5994402677332297,0.5769230769230769,0.5170175298481055
a quick touchdown resulted,13,13,0,6,0,0.46153846153846156,0.49616451651108434,0.8461538461538461,0.20662727667909883,0.8461538461538461,0.17922817187716067,0.7692307692307693,0.24039245951574534
he played basketball there while working toward a law degree,13,11,2,6,1,0.46153846153846156,0.516025511647787,0.8461538461538461,0.14765859666510778,0.7692307692307693,0.08384808346037281,0.6153846153846154,0.29722001440125884
muck,13,11,2,6,1,0.5384615384615384,0.3526295922173741,0.8461538461538461,0.10779434943896815,0.8461538461538461,0.0652298804286475,0.9230769230769231,0.30088894739547595
quart,13,11,2,6,1,0.38461538461538464,0.5094223461719395,0.8461538461538461,0.05813548542986468,0.8461538461538461,0.04565137227223156,0.9230769230769231,0.16800667759885418
that pickpocket was caught redhanded,13,13,0,6,0,0.46153846153846156,0.5178606481664617,0.8461538461538461,0.12377867374593382,0.9230769230769231,0.09728011298268152,1.0,0.07226505976949303
the legislature met to judge the state of public education,13,13,0,5,0,0.5384615384615384,0.44841865680598925,0.8461538461538461,0.18339593064922527,0.8461538461538461,0.17711923431648038,0.8461538461538461,0.19155578254007333
tort,20,18,2,6,1,0.45,0.4424810088543418,0.85,0.13001498352456192,0.8,0.12584031489694245,0.85,0.19446177951473123
hate,28,16,12,6,7,0.7857142857142857,0.3899338176081178,0.8571428571428571,0.301368873067534,0.8571428571428571,0.29625749696837583,0.8214285714285714,0.46912467400153446
it,14,14,0,6,0,0.9285714285714286,0.2468292517285716,0.8571428571428571,0.20469778263265778,0.7857142857142857,0.18336792517758077,0.5714285714285714,0.47000124161199175
shell,14,12,2,6,1,0.6428571428571429,0.49222946043337473,0.8571428571428571,0.25016642688265733,0.8571428571428571,0.2641072686873304,0.7142857142857143,0.28108642620275287
select,36,22,14,6,7,0.6388888888888888,0.4426582540846185,0.8611111111111112,0.42644595862086654,0.8333333333333334,0.3913720316523512,0.8611111111111112,0.4372681405723779
hail,29,29,0,5,0,0.9310344827586207,0.3082892045701422,0.8620689655172413,0.1769651191548448,0.8620689655172413,0.16981969367188748,0.8620689655172413,0.23892587986915342
cork,22,20,2,6,1,0.6363636363636364,0.3943626242183022,0.8636363636363636,0.13665331678422177,0.8181818181818182,0.12739827802035103,0.7727272727272727,0.29046183268245895
fate,23,11,12,6,7,0.7391304347826086,0.4413900673614359,0.8695652173913043,0.4409452600700216,0.8695652173913043,0.4266003564845731,0.8260869565217391,0.5721089530898745
mike,23,12,11,6,6,0.6956521739130435,0.400794798977613,0.8695652173913043,0.46337701438147644,0.8695652173913043,0.4452130452061533,0.6956521739130435,0.4413075830067229
mitten,23,12,11,6,6,0.6956521739130435,0.4356330904939828,0.8695652173913043,0.5440609846022271,0.8695652173913043,0.5556213178453475,0.6956521739130435,0.5353766558869654
mut,23,11,12,6,7,0.6956521739130435,0.4380529385631652,0.8695652173913043,0.439527682352035,0.8695652173913043,0.40545393129926327,0.7391304347826086,0.4704939157371513
cycle,24,11,13,6,7,0.625,0.40733300599044986,0.875,0.44842037526879047,0.875,0.4254042567014573,0.7083333333333334,0.48954984206978436
thorn,25,12,13,6,6,0.8,0.5263268254180425,0.88,0.6443867669193469,0.88,0.6396295651957115,0.68,0.6071763823740209
chop,42,31,11,6,6,0.7142857142857143,0.4635784013136453,0.8809523809523809,0.3059297942959888,0.8809523809523809,0.3093018386729522,0.7857142857142857,0.3370566808996617
sheet,68,46,22,7,8,0.75,0.34443398640691586,0.8823529411764706,0.28956761587983176,0.8676470588235294,0.289941824118164,0.6764705882352942,0.3862920874682712
born,34,20,14,7,7,0.8529411764705882,0.4237536437304895,0.8823529411764706,0.4912671878152002,0.8823529411764706,0.4901283353088085,0.6470588235294118,0.5820730263297186
lead,27,13,14,7,7,0.7777777777777778,0.4298761221966846,0.8888888888888888,0.48947908094674064,0.8888888888888888,0.47943583126019323,0.7407407407407407,0.3871289194699326
leap,18,18,0,6,0,0.9444444444444444,0.26836436047095186,0.8888888888888888,0.15341348896663531,0.8333333333333334,0.1749050031942435,0.7222222222222222,0.2914901615087722
weep,18,18,0,6,0,0.8888888888888888,0.3157452912441101,0.8888888888888888,0.14479742741016502,0.8888888888888888,0.15150217571215674,0.7777777777777778,0.244280962453031
had,19,19,0,5,0,0.8947368421052632,0.3278499683679356,0.8947368421052632,0.12101503535871556,0.8947368421052632,0.13743230226767517,0.8421052631578947,0.1935114772857867
range,29,13,16,7,8,0.6551724137931034,0.40408845949063693,0.896551724137931,0.5246224979737548,0.8620689655172413,0.5002752542223552,0.7931034482758621,0.5609711523890577
cake,39,30,9,6,5,0.717948717948718,0.43836772836420895,0.8974358974358975,0.2435480646546808,0.8974358974358975,0.2451260355975637,0.8717948717948718,0.2707707131333758
coat,20,20,0,6,0,0.65,0.43012233939322797,0.9,0.07486520042946265,0.9,0.08814854942066593,0.95,0.12635574161819124
short,20,20,0,6,0,0.55,0.5022681649573423,0.9,0.11491520790171417,0.9,0.13811012433970207,0.9,0.128234386251815
beast,10,10,0,6,0,1.0,0.23992636754560248,0.9,0.16685538559618746,0.9,0.15428269748166729,0.7,0.33609893368807847
beep,10,10,0,6,0,1.0,0.18335082628217061,0.9,0.08845942771276892,1.0,0.0644787167299079,0.6,0.3889679550705451
forks,10,10,0,6,0,0.9,0.3191154327595217,0.9,0.11249730640705591,0.9,0.11283783921735716,0.7,0.3055054740953404
guess,10,10,0,5,0,1.0,0.2573343792544465,0.9,0.10077455424448085,0.9,0.10232989688620156,0.8,0.2343168097939793
temper,10,10,0,6,0,0.8,0.276601638521421,0.9,0.15970571060011024,0.9,0.18655871961704823,0.7,0.3585907768997651
take,31,20,11,6,6,0.7096774193548387,0.35245995550824977,0.9032258064516129,0.24830068892133433,0.7741935483870968,0.22419217227161645,0.6451612903225806,0.37468533954200156
cakes,11,11,0,6,0,0.6363636363636364,0.408142874945768,0.9090909090909091,0.11215051265516061,0.8181818181818182,0.18115388209258726,0.9090909090909091,0.1883552958135484
coconut cream pie makes a nice dessert,11,11,0,6,0,0.45454545454545453,0.45137365926760253,0.9090909090909091,0.18655592279582048,0.8181818181818182,0.1538986035721648,0.8181818181818182,0.27453193946278015
fort,11,11,0,6,0,0.6363636363636364,0.4180331472506618,0.9090909090909091,0.11300411249125157,0.9090909090909091,0.0926947973784483,0.9090909090909091,0.2018931114394877
i think im full of this stuff,11,11,0,6,0,0.7272727272727273,0.47093628860879233,0.9090909090909091,0.251249305051839,0.8181818181818182,0.27154778085867265,0.8181818181818182,0.25082361019648497
pork,11,11,0,6,0,0.5454545454545454,0.515308156388931,0.9090909090909091,0.09249568359742125,0.9090909090909091,0.10344389734570701,0.9090909090909091,0.11376178252296588
sheep,11,11,0,6,0,0.8181818181818182,0.308368392111574,0.9090909090909091,0.1136551283078998,0.9090909090909091,0.10829226396356266,0.8181818181818182,0.22492700128969864
shin,11,11,0,6,0,0.8181818181818182,0.3695982502314695,0.9090909090909091,0.135087788466273,0.9090909090909091,0.17086938652700417,0.7272727272727273,0.2892787103698262
stimulating discussions keep students attention,11,11,0,6,0,0.18181818181818182,0.5714147452611059,0.9090909090909091,0.058265865183025796,0.9090909090909091,0.07176372241846474,1.0,0.04415947421941482
the four brothers looked identical,11,11,0,6,0,0.36363636363636365,0.5247600655302957,0.9090909090909091,0.12202920635528297,0.9090909090909091,0.12707171625613564,0.8181818181818182,0.23194743012220212
yet he remains the fiercest of competitors,11,11,0,5,0,0.45454545454545453,0.46974628852013134,0.9090909090909091,0.10317200573792268,0.9090909090909091,0.0934561590452191,0.8181818181818182,0.19641012756953327
the job provides many benefits,23,12,11,6,5,0.6086956521739131,0.7100495683976615,0.9130434782608695,0.3873302072339403,0.9130434782608695,0.40083725195120384,0.782608695652174,0.30076080607921024
menu,35,22,13,6,7,0.6857142857142857,0.37128217184211265,0.9142857142857143,0.3087562051962481,0.9142857142857143,0.31541611614816717,0.8857142857142857,0.41563623663900306
loop,24,11,13,6,7,0.6666666666666666,0.5027184552397576,0.9166666666666666,0.5856251729124065,0.9166666666666666,0.5952425174846717,0.75,0.5814073140301642
ride,13,11,2,6,1,0.46153846153846156,0.42578223006942106,0.9230769230769231,0.20176981820245252,0.8461538461538461,0.13931130145936715,0.8461538461538461,0.23718323607331457
shop,13,11,2,6,1,0.6153846153846154,0.32468604716755595,0.9230769230769231,0.12629909929299943,0.8461538461538461,0.09171306648762372,0.8461538461538461,0.3371823720027604
steak,28,28,0,6,0,0.75,0.3610890151185057,0.9285714285714286,0.11574771098736261,0.9285714285714286,0.12002151600655843,0.8928571428571429,0.1312217098473421
ive kept it with me ever since,15,13,2,6,1,0.5333333333333333,0.5006032574340641,0.9333333333333333,0.20286504764408164,0.8666666666666667,0.12885497352007663,0.8666666666666667,0.1857044432218727
ache,32,32,0,5,0,0.875,0.29787290530026406,0.9375,0.0713895694970079,0.9375,0.0661240736489254,0.71875,0.3074548713927004
bunch,26,26,0,5,0,0.8461538461538461,0.34105015284169754,0.9615384615384616,0.1133331567519466,0.9615384615384616,0.0860069010783426,0.8846153846153846,0.19499174512674244
hotel,26,14,12,6,6,0.7307692307692307,0.44846242070678394,0.9615384615384616,0.4649092924794965,0.8846153846153846,0.4423994295649548,0.6153846153846154,0.5157543322522982
dock,23,23,0,5,0,0.6086956521739131,0.4201150985304434,1.0,0.024574947330699527,1.0,0.024345113363795464,0.9565217391304348,0.12330096782032936
please open the window quickly,14,12,2,6,1,0.7142857142857143,0.5247655569440259,1.0,0.1932346686075672,0.8571428571428571,0.23124046536065782,0.7142857142857143,0.18684556095365362
sit,14,11,3,6,2,0.8571428571428571,0.39651279368643927,1.0,0.24685578473139455,1.0,0.22915729854501202,0.7142857142857143,0.3662994144827266
bend,11,11,0,6,0,0.6363636363636364,0.42367788375737364,1.0,0.04850085396273322,0.9090909090909091,0.061108494553370196,0.9090909090909091,0.17584107509209834
bender,10,10,0,6,0,0.8,0.3598760244880908,1.0,0.023866682967460633,1.0,0.035129711117530715,1.0,0.11405858505383211
gash,10,10,0,6,0,0.6,0.4408264365148786,1.0,0.0436040503712604,1.0,0.055237260414244524,0.9,0.12045095834329116
he has played very well,10,10,0,5,0,0.6,0.4513600466261565,1.0,0.023889234501831398,1.0,0.007230322195267226,0.9,0.09305379856389111
i can read,10,0,10,0,3,1.0,0.8403715096982921,1.0,0.997942316532135,1.0,0.9971810055985619,0.6,0.7345501263101155
