speaker_id,speech_status,fold,n_recordings,gender,mean_wer,median_wer,mean_audio_duration,mean_pause_ratio,mean_f0,acoustic_accuracy,acoustic_mean_p_dys,acoustic_median_p_dys,hubert_accuracy,hubert_mean_p_dys,hubert_median_p_dys,hubert_acoustic_accuracy,hubert_acoustic_mean_p_dys,hubert_acoustic_median_p_dys,residual_hubert_accuracy,residual_hubert_mean_p_dys,residual_hubert_median_p_dys
F03,dysarthria,2,1087,female,1.1519083134998498,0.8333333333333334,2.7466952046918123,0.14008298462579452,134.69003897476316,0.21067157313707452,0.254727505084759,0.1189138860971736,0.33670653173873044,0.35096556733424716,0.0797536596655845,0.2999080036798528,0.30479615368050644,0.0219368934033952,0.5731370745170193,0.5621642912141028,0.6285343618754001
M03,dysarthria,4,810,male,0.1643773715995938,0.0,3.1414403549382715,0.6689387831760126,107.51488288826606,0.48148148148148145,0.5102617897809237,0.49715104541634575,0.37160493827160496,0.38413608857883214,0.1558044627308845,0.35432098765432096,0.36319605958590595,0.1101198856453234,0.337037037037037,0.37397436874366985,0.26569629089250374
FC03,healthy,3,1922,female,0.4894139953583242,0.0,2.6019119406867848,0.19674597710474998,135.65401748841907,0.5208116545265349,0.5116232955818046,0.49032216718983407,0.4032258064516129,0.5951429985098322,0.778592050075531,0.3969823100936524,0.5972923786801609,0.7848661212388279,0.5535900104058272,0.45534398197568193,0.4052172067596531
MC04,healthy,5,1620,male,0.2307680693791805,0.0,2.007501350308642,0.4215561942096918,127.36199292067784,0.47962962962962963,0.5580662929532878,0.5151276837200179,0.5555555555555556,0.44618283195158887,0.3293215483427048,0.5882716049382716,0.41388532025122565,0.24645543023826932,0.6296296296296297,0.3832660083151369,0.24763205583992487
F04,dysarthria,5,673,female,1.3097844824813623,0.0,3.2722476783060914,0.579893696026899,130.66833775898837,0.8766716196136701,0.7309939766256418,0.740823592971511,0.6092124814264487,0.5961071223498269,0.7921172380447388,0.6062407132243685,0.6007478878543332,0.802068803616249,0.1723625557206538,0.19555808914271353,0.0347408491931063
MC02,healthy,5,1123,male,0.7928253254611224,0.0,3.5395494768477294,0.4104996787452543,93.16185033069289,0.591273374888691,0.4151206817362159,0.4566614042943928,0.6233303650934996,0.384693546230722,0.2067637145519256,0.6313446126447017,0.37795638726821446,0.1846180855443091,0.48619768477292963,0.5088991393360035,0.5192413639316195
FC01,healthy,4,302,female,0.2132479000028669,0.0,3.585832574503311,0.03767660162124494,102.77035819838973,0.9403973509933775,0.2285672593558987,0.1914357593031934,0.7516556291390728,0.27708940362148893,0.0703705474734306,0.7649006622516556,0.2623855538091421,0.06765682825509566,0.40728476821192056,0.5723051112014794,0.6068464125166604
FC02,healthy,4,2187,female,0.3229172481230095,0.0,2.844898291037951,0.35834447303640915,113.54088088990967,0.638774577046182,0.427876162456668,0.4007587512817945,0.881572930955647,0.14194844486674021,0.0077466140501201,0.887517146776406,0.134462021010828,0.006822885732309,0.8276177411979881,0.23593445890159045,0.1223742863679211
MC01,healthy,1,2155,male,0.6545159249103565,0.0,3.021906090487239,0.10953358965900972,100.01835211358487,0.9350348027842227,0.2957004341426992,0.2605290687221581,0.9155452436194895,0.11207219840471654,0.0087966658174991,0.9197215777262181,0.10227691626133428,0.0055578760309192,0.7911832946635731,0.25760973090501704,0.1215821409060406
M05,dysarthria,2,587,male,2.1320396572951936,1.0,4.609467844974446,0.3596677127980382,132.2331457930447,0.5911413969335605,0.5899464603925975,0.6500987852327922,0.9335604770017035,0.9273925273871355,0.9999672174453736,0.9063032367972743,0.9004467423126538,0.9999734361963676,0.6746166950596252,0.6533678740294908,0.7910655625041736
M02,dysarthria,1,772,male,1.570064312486592,1.0,3.674618118523316,0.5571012057846306,152.97428229950822,0.9183937823834197,0.7248144659868271,0.7328476065506787,0.9378238341968912,0.9292397681366438,0.999823808670044,0.917098445595855,0.9065166400189151,0.9998396813582859,0.788860103626943,0.7790502562710258,0.9560682464929304
M01,dysarthria,3,743,male,2.1955153863633003,1.0,3.9514548283983855,0.5700713474789348,128.60560402593222,0.7819650067294751,0.6962132370598814,0.7469523345409123,0.9878869448183042,0.9858726017944542,0.9999998807907104,0.9878869448183042,0.9868617607159881,0.9999999606225074,0.9609690444145357,0.9360669168195511,0.9966505019695964
M04,dysarthria,3,666,male,3.5717421300754637,1.0,4.313281249999999,0.3304482832908287,156.97306657968966,0.7987987987987988,0.6924473630139306,0.6802196763779634,0.9894894894894894,0.9867250687658071,0.9999962449073792,0.990990990990991,0.9905843141794533,0.9999979834285473,0.8138138138138138,0.8039445213119127,0.99102284380876
MC03,healthy,2,1669,male,0.48968847542843946,0.0,2.118795536249251,0.16142760401263984,113.81185024742705,0.9406830437387658,0.16067575757200567,0.0929600460537731,0.9910125823846615,0.01200253937634303,2.191790827055229e-06,0.9916117435590174,0.012046554393260571,1.998710988473328e-06,0.7789095266626722,0.2611441193707536,0.0821371115723602
F01,dysarthria,1,236,female,2.461543400102722,1.0,2.430563294491525,0.48100178596571963,172.76586510669782,0.5720338983050848,0.5577870221500059,0.5372378253236193,0.9957627118644068,0.9898721314019571,0.9999791979789734,0.9957627118644068,0.989046770442828,0.9999829454385232,0.9957627118644068,0.975899101106413,0.9985509345155477
