speaker_id,speech_status,fold,n_recordings,n_prediction_flips,prediction_flip_rate,correct_to_correct,correct_to_wrong,wrong_to_correct,wrong_to_wrong,correct_to_wrong_rate,wrong_to_correct_rate,mean_delta_p_dys,mean_abs_delta_p_dys,median_delta_p_dys,net_correctness_change,net_correctness_change_rate
F04,dysarthria,5,673,322,0.4784546805349183,102,308,14,249,0.4576523031203566,0.020802377414561663,-0.40054903320711327,0.44651205569867625,-0.3316627927786828,-294,-0.43684992570579495
FC01,healthy,4,302,112,0.3708609271523179,119,108,4,71,0.3576158940397351,0.013245033112582781,0.29521570757999055,0.3185787167401895,0.29355825531703517,-104,-0.3443708609271523
M05,dysarthria,2,587,180,0.30664395229982966,382,166,14,25,0.282793867120954,0.02385008517887564,-0.2740246533576447,0.32200060202366226,-0.15029097955411308,-152,-0.25894378194207834
MC03,healthy,2,1669,360,0.21569802276812464,1297,357,3,12,0.21390053924505692,0.0017974835230677051,0.24914157999441058,0.2530349369549346,0.07671023735280905,-354,-0.2121030557219892
M04,dysarthria,3,666,123,0.18468468468468469,539,120,3,4,0.18018018018018017,0.0045045045045045045,-0.1827805474538943,0.18835368123443152,-0.007936379572733798,-117,-0.17567567567567569
M02,dysarthria,1,772,123,0.15932642487046633,605,119,4,44,0.15414507772020725,0.0051813471502590676,-0.1501895118656181,0.1584004829217039,-0.026550259054345826,-115,-0.1489637305699482
MC02,healthy,5,1123,362,0.3223508459483526,442,258,104,319,0.22974176313446126,0.09260908281389137,0.12420559310528162,0.2811314283860916,0.0957759699275144,-154,-0.1371326803205699
MC01,healthy,1,2155,298,0.1382830626450116,1690,283,15,167,0.13132250580046403,0.0069605568445475635,0.14553753250030055,0.15575790035541623,0.0684539562148684,-268,-0.12436194895591647
FC02,healthy,4,2187,278,0.12711476909007774,1730,198,80,179,0.09053497942386832,0.03657978966620942,0.09398601403485024,0.15734850837873526,0.0490539185007091,-118,-0.053955189757658895
M03,dysarthria,4,810,134,0.1654320987654321,220,81,53,456,0.1,0.0654320987654321,-0.010161719835162265,0.178846142717285,0.008150410450806521,-28,-0.0345679012345679
M01,dysarthria,3,743,22,0.029609690444145357,713,21,1,8,0.02826379542395693,0.0013458950201884253,-0.04980568497490317,0.052741767376000066,-0.0028677032520624257,-20,-0.026917900403768506
F01,dysarthria,1,236,2,0.00847457627118644,234,1,1,0,0.00423728813559322,0.00423728813559322,-0.013973030295544114,0.01979622427572753,-0.000793238132878793,0,0.0
MC04,healthy,5,1620,582,0.3592592592592593,669,231,351,369,0.1425925925925926,0.21666666666666667,-0.06291682363645199,0.3230643665775567,-0.0024009469428322716,120,0.07407407407407407
FC03,healthy,3,1922,523,0.2721123829344433,658,117,406,741,0.06087408949011446,0.21123829344432882,-0.1397990165341501,0.2528795698344794,-0.034742731725313294,289,0.15036420395421435
F03,dysarthria,2,1087,395,0.36338546458141674,297,69,326,395,0.06347746090156393,0.2999080036798528,0.21119872387985567,0.3403519498212583,0.1301992032675093,257,0.23643054277828887
