speaker_id,speech_status,fold,feature,n_recordings,corr_feature_hubert_p_dys,corr_feature_delta_p_dys,low_change_mean,high_change_mean,high_minus_low,low_change_n,high_change_n
F01,dysarthria,1,audio_duration,236,0.07593067155514541,-0.05911908450494866,1.7908315677966102,2.5464851694915254,0.7556536016949151,59,59
F01,dysarthria,1,voiced_duration,236,0.07620307247045668,-0.03215688653685048,1.0005656779661016,1.3664745762711865,0.3659088983050849,59,59
F01,dysarthria,1,speech_ratio,236,0.05826402781049907,0.01861576477751581,0.5398163377044949,0.49204066868384616,-0.047775669020648726,59,59
F01,dysarthria,1,pause_ratio,236,-0.05826402781049908,-0.01861576477751583,0.46018366229550506,0.5079593313161538,0.047775669020648726,59,59
F01,dysarthria,1,number_of_pauses,236,0.06767755976304371,-0.07773818603939427,0.4576271186440678,1.1694915254237288,0.711864406779661,59,59
F01,dysarthria,1,mean_pause_duration,236,0.07297201477625566,-0.27078411441758693,0.08189830508474576,0.17571977401129948,0.09382146892655373,59,59
F01,dysarthria,1,f0_mean,236,0.04839037058466753,-0.010400120351546863,166.709590553095,175.10525646538085,8.395665912285835,59,59
F01,dysarthria,1,f0_std,236,0.024722726729409464,0.06674107241782559,97.21103321903358,96.19886112163591,-1.0121720973976664,59,59
F01,dysarthria,1,rms_mean,236,-0.01705803236178489,-0.11391654810925408,0.027277679624572608,0.0386381311247409,0.01136045150016829,59,59
F01,dysarthria,1,rms_std,236,-0.029153169836212838,-0.19035381966905918,0.03465540219350887,0.05334362783863884,0.018688225645129966,59,59
F03,dysarthria,2,audio_duration,1087,0.13099896754844093,-0.2124977425705705,2.6095296415441176,3.24730859375,0.6377789522058825,272,272
F03,dysarthria,2,voiced_duration,1087,0.10436076249102819,-0.16312883864506159,2.1077991727941177,2.664076286764706,0.5562771139705882,272,272
F03,dysarthria,2,speech_ratio,1087,-0.24461077605178683,0.46839396694359864,0.8342047036102587,0.9285908336978532,0.09438613008759456,272,272
F03,dysarthria,2,pause_ratio,1087,0.24461077605178683,-0.46839396694359864,0.1657952963897414,0.07140916630214675,-0.09438613008759464,272,272
F03,dysarthria,2,number_of_pauses,1087,0.09405045416708838,-0.16044865632342456,0.6433823529411765,1.6102941176470589,0.9669117647058824,272,272
F03,dysarthria,2,mean_pause_duration,1087,0.20275677899878383,-0.3883004008305765,0.0537390756302521,0.04274043617446979,-0.010998639455782305,272,272
F03,dysarthria,2,f0_mean,1087,0.19510523785122214,-0.4126728638687189,142.87802060910147,124.70623667250035,-18.171783936601116,272,272
F03,dysarthria,2,f0_std,1087,0.09435238912356296,-0.23410264802334468,89.84772446000396,80.2514340169118,-9.596290443092158,272,272
F03,dysarthria,2,rms_mean,1087,0.20602654012000238,-0.10366124926073815,0.026640139203450097,0.02443910204302104,-0.0022010371604290584,272,272
F03,dysarthria,2,rms_std,1087,0.25113178569015093,-0.16040768734490385,0.031899103359832814,0.028735794510473173,-0.0031633088493596417,272,272
F04,dysarthria,5,audio_duration,673,0.2430741930071795,-0.36663283441528066,2.6561275887573963,4.174737426035503,1.518609837278107,169,169
F04,dysarthria,5,voiced_duration,673,0.0441016253829295,-0.1351840708892006,1.2077400147928996,1.7558997781065087,0.548159763313609,169,169
F04,dysarthria,5,speech_ratio,673,-0.16024823428325452,0.23677472624182805,0.44318271525722175,0.399759798121056,-0.04342291713616575,169,169
F04,dysarthria,5,pause_ratio,673,0.16024823428325444,-0.23677472624182808,0.5568172847427781,0.600240201878944,0.04342291713616586,169,169
F04,dysarthria,5,number_of_pauses,673,0.13777414565163423,-0.2260584697960659,0.5798816568047337,1.1301775147928994,0.5502958579881657,169,169
F04,dysarthria,5,mean_pause_duration,673,0.18353487853008993,-0.3024710905608226,0.08795266272189349,0.3513508030431107,0.2633981403212172,169,169
F04,dysarthria,5,f0_mean,673,-0.1321412240039251,0.08159230890383766,138.62313332571924,125.45025029224982,-13.172883033469418,169,169
F04,dysarthria,5,f0_std,673,-0.13728332528728404,0.03745501679268849,91.19439913391307,84.02917830740273,-7.165220826510335,169,169
F04,dysarthria,5,rms_mean,673,0.2162354761661562,-0.4366645869749953,0.037499501692274395,0.09862449611730031,0.06112499442502592,169,169
F04,dysarthria,5,rms_std,673,0.26812113180109015,-0.49193642560301903,0.05859858785516898,0.14737654506013942,0.08877795720497045,169,169
FC01,healthy,4,audio_duration,302,0.1542971067398336,-0.18501538971504608,3.8768462171052622,3.573231085526315,-0.30361513157894704,76,76
FC01,healthy,4,voiced_duration,302,0.12604989330683167,-0.041926754613563426,3.6549514802631573,3.502178453947368,-0.15277302631578937,76,76
FC01,healthy,4,speech_ratio,302,-0.015962763127251353,0.21130934087030473,0.943245227479129,0.9829328754518435,0.03968764797271451,76,76
FC01,healthy,4,pause_ratio,302,0.015962763127251325,-0.21130934087030473,0.05675477252087097,0.017067124548156454,-0.03968764797271452,76,76
FC01,healthy,4,number_of_pauses,302,0.10035037906414151,-0.20972579380240847,0.2631578947368421,0.039473684210526314,-0.22368421052631576,76,76
FC01,healthy,4,mean_pause_duration,302,-0.0013810402445185838,-0.21058548860635082,0.02046315789473684,0.004210526315789473,-0.016252631578947366,76,76
FC01,healthy,4,f0_mean,302,0.1714509699458815,-0.38415955981113903,113.16505330571806,92.68302732666375,-20.482025979054313,76,76
FC01,healthy,4,f0_std,302,0.11836010941001515,-0.263496441550803,67.94416018111849,56.15333088218656,-11.790829298931932,76,76
FC01,healthy,4,rms_mean,302,-0.015937433627317456,0.12516774353098606,0.020701796588438858,0.026556050193520517,0.005854253605081659,76,76
FC01,healthy,4,rms_std,302,-0.07760045115194998,0.17456289263400482,0.023469879972062176,0.031652518756393494,0.008182638784331318,76,76
FC02,healthy,4,audio_duration,2187,-0.09446856795673421,-0.05693713841252318,3.12903439213894,2.6899332723948812,-0.43910111974405863,547,547
FC02,healthy,4,voiced_duration,2187,-0.07161569976908856,0.041770262745427375,1.9233515767824496,1.7708017595978063,-0.15254981718464333,547,547
FC02,healthy,4,speech_ratio,2187,0.001070706231084667,0.09724628499326197,0.6273189647959496,0.6719379935096296,0.044619028713679953,547,547
FC02,healthy,4,pause_ratio,2187,-0.0010707062310846781,-0.09724628499326197,0.37268103520405027,0.32806200649037043,-0.04461902871367984,547,547
FC02,healthy,4,number_of_pauses,2187,0.07912983286379492,-0.18826980746056737,0.7842778793418648,0.453382084095064,-0.3308957952468008,547,547
FC02,healthy,4,mean_pause_duration,2187,0.03978612752723846,-0.23998799817567398,0.0634089782652854,0.032241107338730736,-0.03116787092655466,547,547
FC02,healthy,4,f0_mean,2187,-0.15935452587924623,-0.1368109715956916,124.36078673871806,106.67101996902815,-17.68976676968991,547,547
FC02,healthy,4,f0_std,2187,-0.13811349633030967,-0.08257973369262175,69.73567118410111,61.93797180373404,-7.797699380367071,547,547
FC02,healthy,4,rms_mean,2187,0.1216106772837419,-0.19874030755519018,0.037176831077164504,0.034428564298274775,-0.0027482667788897297,547,547
FC02,healthy,4,rms_std,2187,0.19336928132648395,-0.23548384829029165,0.05133465989756733,0.051649865493437114,0.00031520559586978303,547,547
FC03,healthy,3,audio_duration,1922,0.14867531737555004,-0.4490009707172634,2.256091346153846,3.4035419698544698,1.1474506237006237,481,481
FC03,healthy,3,voiced_duration,1922,0.0376812116839661,-0.21314546607646742,1.8172244022869024,2.4550528846153847,0.6378284823284823,481,481
FC03,healthy,3,speech_ratio,1922,-0.15012786904938524,0.31639091216002657,0.8058000066757246,0.733569929958593,-0.07223007671713155,481,481
FC03,healthy,3,pause_ratio,1922,0.1501278690493852,-0.3163909121600265,0.19419999332427537,0.2664300700414069,0.07223007671713152,481,481
FC03,healthy,3,number_of_pauses,1922,0.10071349372147025,-0.2498840726843992,0.37422037422037424,0.7733887733887734,0.3991683991683992,481,481
FC03,healthy,3,mean_pause_duration,1922,0.064586177630898,-0.26141797617188123,0.03330838530838531,0.07439279279279279,0.041084407484407476,481,481
FC03,healthy,3,f0_mean,1922,0.23803531654221127,-0.5268206032868015,132.2280422481465,153.1324150702045,20.904372822058008,481,481
FC03,healthy,3,f0_std,1922,0.07489584316017094,-0.35138927970858663,89.75765968323445,95.63344508970316,5.875785406468708,481,481
FC03,healthy,3,rms_mean,1922,-0.02943505453045549,-0.25216455323465414,0.04131503572702992,0.051844622617444124,0.010529586890414201,481,481
FC03,healthy,3,rms_std,1922,-0.0708824093137863,-0.1607356443184224,0.05280408894913891,0.05755196203692597,0.004747873087787055,481,481
M01,dysarthria,3,audio_duration,743,0.01604190957140818,-0.2815066876122672,2.26261189516129,5.745804435483872,3.4831925403225816,186,186
M01,dysarthria,3,voiced_duration,743,0.04024464394490698,-0.22348984210834258,1.0045809811827957,2.616193548387097,1.6116125672043013,186,186
M01,dysarthria,3,speech_ratio,743,0.07024733473474709,0.09513001240994036,0.4281627760705527,0.4213668833386517,-0.00679589273190101,186,186
M01,dysarthria,3,pause_ratio,743,-0.07024733473474709,-0.09513001240994036,0.5718372239294472,0.5786331166613482,0.006795892731900954,186,186
M01,dysarthria,3,number_of_pauses,743,0.025635383716556208,-0.2677211634590409,0.3064516129032258,1.7311827956989247,1.424731182795699,186,186
M01,dysarthria,3,mean_pause_duration,743,0.012995863526683697,-0.44911199091815934,0.02481720430107527,0.328838712004841,0.30402150770376574,186,186
M01,dysarthria,3,f0_mean,743,0.20294843135703966,-0.025508809733034325,121.98673050364762,129.72884542107337,7.742114917425752,186,186
M01,dysarthria,3,f0_std,743,0.15324584457524548,-0.07009528930088388,69.59863465232037,77.84571558988743,8.247080937567063,186,186
M01,dysarthria,3,rms_mean,743,0.016597627925336967,-0.06669309166491985,0.053014079239019095,0.0890368417866768,0.036022762547657704,186,186
M01,dysarthria,3,rms_std,743,-0.05050204195018562,-0.13815245914793567,0.07845792555881119,0.12810209367464304,0.049644168115831847,186,186
M02,dysarthria,1,audio_duration,772,0.2423759819786272,0.13442634199974604,3.964574481865285,2.8882843264248708,-1.076290155440414,193,193
M02,dysarthria,1,voiced_duration,772,0.19880701206678045,0.16685884368678192,2.0348704663212436,1.174497409326425,-0.8603730569948185,193,193
M02,dysarthria,1,speech_ratio,772,-0.0027153117299114375,0.15006275258730606,0.450439031484801,0.4038698321766494,-0.04656919930815162,193,193
M02,dysarthria,1,pause_ratio,772,0.002715311729911433,-0.15006275258730617,0.549560968515199,0.5961301678233505,0.04656919930815151,193,193
M02,dysarthria,1,number_of_pauses,772,0.15638350832689743,0.08430908233150425,1.7357512953367875,1.2020725388601037,-0.5336787564766838,193,193
M02,dysarthria,1,mean_pause_duration,772,0.0933813539863924,-0.27662353584931076,0.11215277572168765,0.22142689365901805,0.1092741179373304,193,193
M02,dysarthria,1,f0_mean,772,-0.021269697448386183,0.10500533330617554,156.42149784808296,147.14050644175217,-9.280991406330799,193,193
M02,dysarthria,1,f0_std,772,0.04797600200847627,0.10517268447266874,113.29655430422495,97.86253135738674,-15.434022946838212,193,193
M02,dysarthria,1,rms_mean,772,0.05199796984198903,-0.06360001667620856,0.05746756572218444,0.0717911631486576,0.014323597426473163,193,193
M02,dysarthria,1,rms_std,772,0.023115396827287207,-0.23176248761297036,0.07450844323831977,0.1160754535366525,0.04156701029833272,193,193
M03,dysarthria,4,audio_duration,810,-0.2780713576829477,0.14703155127946127,3.439934113300492,2.922498768472906,-0.5174353448275864,203,203
M03,dysarthria,4,voiced_duration,810,-0.27102367343244277,0.089375924999648,1.4027093596059117,0.9859162561576356,-0.41679310344827614,203,203
M03,dysarthria,4,speech_ratio,810,-0.1933750309816377,0.04640695721387061,0.36723116538634026,0.3236944759441748,-0.04353668944216549,203,203
M03,dysarthria,4,pause_ratio,810,0.19337503098163764,-0.046406957213870635,0.6327688346136597,0.6763055240558251,0.04353668944216538,203,203
M03,dysarthria,4,number_of_pauses,810,0.004470519851323926,-0.12404943814904942,0.4729064039408867,0.2413793103448276,-0.23152709359605908,203,203
M03,dysarthria,4,mean_pause_duration,810,0.010550010922376294,-0.1769044361392073,0.043785639647708624,0.05492282430213465,0.011137184654426029,203,203
M03,dysarthria,4,f0_mean,810,-0.3572118996312001,0.15098043410752188,109.43201839896972,105.5017663006136,-3.930252098356121,203,203
M03,dysarthria,4,f0_std,810,-0.1281937077972929,0.04194734000727296,68.69298739017253,71.60326666849606,2.9102792783235287,203,203
M03,dysarthria,4,rms_mean,810,-0.0009832631148974078,-0.1548528430601054,0.04952741115184249,0.040604928370766985,-0.008922482781075505,203,203
M03,dysarthria,4,rms_std,810,0.22184000469829526,-0.3301578444343623,0.07404186866295479,0.07079005051459288,-0.0032518181483619096,203,203
M04,dysarthria,3,audio_duration,666,0.04715153750972348,-0.04204070973470069,5.226059131736527,4.699209580838324,-0.526849550898203,167,167
M04,dysarthria,3,voiced_duration,666,0.03870415800205246,0.09649022690521121,4.349931886227545,2.5137589820359283,-1.836172904191617,167,167
M04,dysarthria,3,speech_ratio,666,0.019128999573255357,0.3205312737057562,0.7735343321227526,0.4988760207045071,-0.2746583114182455,167,167
M04,dysarthria,3,pause_ratio,666,-0.019128999573255357,-0.32053127370575607,0.2264656678772474,0.5011239792954929,0.2746583114182455,167,167
M04,dysarthria,3,number_of_pauses,666,0.04701746024671507,-0.1910549109841305,0.8682634730538922,2.37125748502994,1.5029940119760479,167,167
M04,dysarthria,3,mean_pause_duration,666,0.02717305497532338,-0.33335722340783264,0.04142867206762944,0.2377804147080898,0.19635174264046035,167,167
M04,dysarthria,3,f0_mean,666,-0.032406499931412536,-0.7141756118658729,136.57336711501864,227.72423595761907,91.15086884260043,167,167
M04,dysarthria,3,f0_std,666,-0.035262272421385125,-0.6904344329003796,77.75247570057174,135.07126962256157,57.31879392198984,167,167
M04,dysarthria,3,rms_mean,666,0.017858926855203752,0.3242727104963478,0.07209382386889282,0.05078160215704558,-0.02131222171184724,167,167
M04,dysarthria,3,rms_std,666,0.07993202253317074,0.2535591993670886,0.09298386453779153,0.08076921570488431,-0.012214648832907224,167,167
M05,dysarthria,2,audio_duration,587,0.1889323806358845,-0.2536965665812724,3.7326598639455786,5.366303571428571,1.6336437074829928,147,147
M05,dysarthria,2,voiced_duration,587,0.12770882198720826,-0.05050863941592489,3.1958762755102037,3.0830399659863947,-0.11283630952380896,147,147
M05,dysarthria,2,speech_ratio,587,-0.17408320316162984,0.5182017932311203,0.8368077570733119,0.5374704999163054,-0.29933725715700654,147,147
M05,dysarthria,2,pause_ratio,587,0.17408320316162987,-0.5182017932311203,0.16319224292668819,0.46252950008369464,0.29933725715700643,147,147
M05,dysarthria,2,number_of_pauses,587,0.13820832503056693,-0.3102682778753263,0.8503401360544217,3.380952380952381,2.5306122448979593,147,147
M05,dysarthria,2,mean_pause_duration,587,0.15549632955284154,-0.39658887391970815,0.04409199870424361,0.2466861462045135,0.2025941475002699,147,147
M05,dysarthria,2,f0_mean,587,0.10551296218844271,-0.2023197026654996,120.24910154768367,136.6076503444748,16.358548796791126,147,147
M05,dysarthria,2,f0_std,587,0.08805413403214912,-0.22634293067933228,79.37044539241151,98.26549204797975,18.895046655568237,147,147
M05,dysarthria,2,rms_mean,587,0.03904064586976605,0.3004207997652666,0.1414482646438033,0.06326342870950137,-0.07818483593430194,147,147
M05,dysarthria,2,rms_std,587,0.12067136674093948,0.13764258350647807,0.13954554961005947,0.08927673922093789,-0.05026881038912158,147,147
MC01,healthy,1,audio_duration,2155,-0.15598011745499285,-0.12504008749744927,3.4585243506493506,2.8178901901669757,-0.6406341604823749,539,539
MC01,healthy,1,voiced_duration,2155,-0.12069803436685525,0.005413985889835339,2.867713589981447,2.6592808441558446,-0.20843274582560234,539,539
MC01,healthy,1,speech_ratio,2155,0.010404097033797619,0.1829763782415803,0.8415989340103558,0.9383369109696378,0.09673797695928199,539,539
MC01,healthy,1,pause_ratio,2155,-0.010404097033797615,-0.18297637824158033,0.15840106598964418,0.06166308903036231,-0.09673797695928188,539,539
MC01,healthy,1,number_of_pauses,2155,-0.0024331938641580122,-0.09399894301863093,0.6326530612244898,0.3228200371057514,-0.3098330241187384,539,539
MC01,healthy,1,mean_pause_duration,2155,0.0012154122823982074,-0.15138587231900627,0.0431209824189416,0.013391147627882322,-0.029729834791059277,539,539
MC01,healthy,1,f0_mean,2155,0.0031718152707459835,-0.20134195944356728,110.64557759355777,93.87257807069733,-16.772999522860445,539,539
MC01,healthy,1,f0_std,2155,0.005446006126273019,-0.13554390386916493,66.29256675503845,52.20419816261378,-14.088368592424672,539,539
MC01,healthy,1,rms_mean,2155,0.06833820763205134,0.14417768447832677,0.018441434664537668,0.025510623110268135,0.007069188445730467,539,539
MC01,healthy,1,rms_std,2155,0.10211160026331026,0.13424797794604523,0.022135582830279964,0.030869590665398593,0.008734007835118629,539,539
MC02,healthy,5,audio_duration,1123,0.13639471224190416,0.012950256827615607,3.574853425266904,3.6173456405693947,0.0424922153024907,281,281
MC02,healthy,5,voiced_duration,1123,-0.2533852163243576,0.42406311156122195,1.9200660587188612,2.674618327402135,0.7545522686832737,281,281
MC02,healthy,5,speech_ratio,1123,-0.3461249261459685,0.460164763938925,0.5451309650581552,0.7471732667790432,0.202042301720888,281,281
MC02,healthy,5,pause_ratio,1123,0.3461249261459685,-0.460164763938925,0.45486903494184483,0.2528267332209567,-0.2020423017208881,281,281
MC02,healthy,5,number_of_pauses,1123,0.026226882711165033,-0.1875365175660986,0.5907473309608541,0.3701067615658363,-0.2206405693950178,281,281
MC02,healthy,5,mean_pause_duration,1123,0.034459077319131885,-0.24110139304838712,0.050117422316710576,0.043162582613116424,-0.0069548397035941525,281,281
MC02,healthy,5,f0_mean,1123,0.2347191857603496,-0.26448989822152813,94.29408053852838,88.11879180272156,-6.1752887358068165,281,281
MC02,healthy,5,f0_std,1123,0.2563570823758484,-0.3057396910768396,52.52286462573271,42.068895358408355,-10.453969267324354,281,281
MC02,healthy,5,rms_mean,1123,-0.09132788069116506,0.10311098312924691,0.03919243339773966,0.04449914557547751,0.00530671217773785,281,281
MC02,healthy,5,rms_std,1123,-0.014337734910566575,-0.12873421868075152,0.0527273193962898,0.05242456931760033,-0.00030275007868946907,281,281
MC03,healthy,2,audio_duration,1669,-0.11090280718205076,-0.16079915731340558,2.7211622308612444,1.889845394736842,-0.8313168361244023,418,418
MC03,healthy,2,voiced_duration,1669,-0.11692685049846255,0.0661643575972203,1.9404271830143542,1.8545994318181818,-0.08582775119617247,418,418
MC03,healthy,2,speech_ratio,1669,-0.055661283917580066,0.4106661164889492,0.6962266043564109,0.9786430379890942,0.2824164336326833,418,418
MC03,healthy,2,pause_ratio,1669,0.055661283917580066,-0.41066611648894935,0.303773395643589,0.02135696201090572,-0.2824164336326833,418,418
MC03,healthy,2,number_of_pauses,1669,-0.028382849070529844,-0.17840348235154427,0.5406698564593302,0.05741626794258373,-0.48325358851674644,418,418
MC03,healthy,2,mean_pause_duration,1669,-0.0131446225544643,-0.18890621938707758,0.059926817042606516,0.0026347687400318977,-0.057292048302574616,418,418
MC03,healthy,2,f0_mean,1669,0.06379518025241694,-0.4482971101494483,134.14160087747095,87.65113564750672,-46.49046522996423,418,418
MC03,healthy,2,f0_std,1669,0.04218644510167572,-0.46673527640758433,99.30661207008576,42.31548859710284,-56.99112347298292,418,418
MC03,healthy,2,rms_mean,1669,-0.041262319494179155,0.5785123553687583,0.02583694459901645,0.0904403704866927,0.06460342588767626,418,418
MC03,healthy,2,rms_std,1669,-0.03980557186084606,0.2592280123527466,0.028449061609087153,0.048528837535806564,0.02007977592671941,418,418
MC04,healthy,5,audio_duration,1620,0.09528236401660557,0.06048081870549387,1.7535663580246914,2.1591819444444442,0.4056155864197528,405,405
MC04,healthy,5,voiced_duration,1620,0.0551832693230724,0.27919572114223634,1.011204938271605,1.3193456790123457,0.3081407407407406,405,405
MC04,healthy,5,speech_ratio,1620,-0.013722295676257719,0.47545854266234655,0.5667954590997125,0.593819971255635,0.027024512155922498,405,405
MC04,healthy,5,pause_ratio,1620,0.013722295676257719,-0.4754585426623466,0.4332045409002875,0.406180028744365,-0.027024512155922498,405,405
MC04,healthy,5,number_of_pauses,1620,0.017057687206852513,0.013732245302084984,0.19506172839506172,0.13580246913580246,-0.05925925925925926,405,405
MC04,healthy,5,mean_pause_duration,1620,0.028608626242252716,-0.06705440211810644,0.014428783068783068,0.022202469135802465,0.007773686067019397,405,405
MC04,healthy,5,f0_mean,1620,-0.16146357333372743,0.34284810200640736,128.56867433502362,123.20137742675021,-5.367296908273403,405,405
MC04,healthy,5,f0_std,1620,-0.11377991784972824,-0.0036199099709134687,77.9542202559845,74.98067174623252,-2.9735485097519785,405,405
MC04,healthy,5,rms_mean,1620,0.23975510161746086,-0.48517345884001895,0.04582179410097093,0.07084473815932003,0.0250229440583491,405,405
MC04,healthy,5,rms_std,1620,0.2330761166655991,-0.6015829334749194,0.06572585162371795,0.09669191727970214,0.030966065655984185,405,405
