speaker_id,speech_status,microphone,n_recordings,mean_p_dys_hubert,mean_p_dys_residual,mean_delta_p_dys,mean_rms_mean,mean_rms_std,mean_pause_ratio,mean_f0_mean
F01,dysarthria,arraymic,118,0.9927210353188596,0.9695547436535624,-0.023166291665297118,0.0427099720701196,0.05723696907634953,0.49674568631223176,180.08090756531703
F01,dysarthria,headmic,118,0.9870232274850547,0.9822434585592635,-0.004779768925791062,0.023941790440388105,0.029476987750474633,0.46525788561920733,165.45082264807863
F03,dysarthria,arraymic,541,0.3660351278853977,0.5035903412440741,0.13755521335867635,0.014059191080784574,0.019497153300588797,0.22578573135416474,150.77793251489933
F03,dysarthria,headmic,546,0.3360340064218433,0.6202018497008894,0.28416784327904615,0.03343116402482752,0.039153204185226304,0.055165061585412976,118.74947046704585
F04,dysarthria,arraymic,429,0.5295143470468612,0.24829609141221798,-0.2812182556346432,0.023257481090568115,0.03887017773426191,0.6005041707143656,144.09261873435298
F04,dysarthria,headmic,244,0.7131903215505329,0.1028343064639536,-0.6103560150865793,0.11361967865377662,0.17418683903505566,0.5436564270067223,107.06581096213827
FC01,healthy,arraymic,151,0.3128075089345585,0.5275912161921711,0.2147837072576126,0.007655001430469975,0.01089631974549083,0.07506560970973249,121.78505248117658
FC01,healthy,headmic,151,0.24137129830841939,0.6170190062107879,0.37564770790236846,0.035023214566885195,0.04122990330940243,0.00028759353275738546,83.7556639156029
FC02,healthy,arraymic,1220,0.09910396604559277,0.2143650425577772,0.1152610765121844,0.013557379701571703,0.02188129576426911,0.42840155226951687,124.57575848658138
FC02,healthy,headmic,967,0.19600249260386524,0.26314716618127215,0.06714467357740689,0.06321819695608441,0.08981851818311606,0.2699580855861595,99.6189050182039
FC03,healthy,arraymic,959,0.6741739240480605,0.5136923358620442,-0.16048158818601627,0.01713983696274556,0.022465194819805922,0.27069345075805007,148.82439311723934
FC03,healthy,headmic,963,0.5164403426519287,0.3972379888531261,-0.11920235379880258,0.06730082804803286,0.08164621024418654,0.12310565806683224,122.53834746968737
M01,dysarthria,arraymic,372,0.9912836819847104,0.9336312251642217,-0.05765245682048879,0.07208341131267204,0.10763621940127299,0.6109393534772447,140.16109506033163
M01,dysarthria,headmic,371,0.9804469364823913,0.9385091736814986,-0.04193776280089271,0.07493223359110457,0.10348079582510608,0.5290931851302252,117.01896611542931
M02,dysarthria,arraymic,384,0.8763680800860433,0.699147503166602,-0.17722057691944118,0.06634645832430877,0.09126862907820998,0.5188243705898753,161.7166525325063
M02,dysarthria,headmic,388,0.981566387238269,0.8581292696527233,-0.12343711758554572,0.07129367583517711,0.10290318914477892,0.5949834344309864,144.32203959468538
M03,dysarthria,arraymic,404,0.21573706876217671,0.2937315539965851,0.07799448523440847,0.023363085545479542,0.04231201652261669,0.6935822570380483,122.0926600117949
M03,dysarthria,headmic,406,0.5517055565737307,0.4538218986890448,-0.09788365788468582,0.05949015382291937,0.09401324010577986,0.6444167057369427,93.00891747470534
M04,dysarthria,arraymic,389,0.9864805237148292,0.7285481851131217,-0.25793233860170744,0.06510874080521967,0.08279937737954149,0.16160005163157282,195.50453802052945
M04,dysarthria,headmic,277,0.9870684912381189,0.9098260187174353,-0.07724247252068366,0.06231022213286436,0.10398592456960072,0.5675672800975092,102.86208322053191
M05,dysarthria,arraymic,117,0.881782155733155,0.9454453323549201,0.06366317662176521,0.18487458561475462,0.17140050486733133,0.0,111.61090645717645
M05,dysarthria,headmic,470,0.9387465986286583,0.5806592301484798,-0.3580873684801785,0.06333853303643058,0.08962615668405825,0.449202015771167,137.3667670745268
MC01,healthy,arraymic,1078,0.08124540433236971,0.17310026219218363,0.09185485785981391,0.011260032928108097,0.015872791293725073,0.19558273358834236,117.72055699063114
MC01,healthy,headmic,1077,0.14292761531278517,0.34219766709112154,0.19927005177833634,0.03155830696081615,0.037945283339043186,0.023404548660104853,82.29971064890904
MC02,healthy,arraymic,674,0.46583161437750004,0.5230192454458765,0.05718763106837656,0.014088359712526288,0.02790789595854848,0.6493800506708158,109.91365727302735
MC02,healthy,headmic,449,0.2628960898144004,0.4877032562222966,0.22480716640789628,0.06763605551093084,0.08124203712395275,0.051913107079711904,68.0154853437588
MC03,healthy,arraymic,870,0.01759815093430991,0.1504487091780368,0.13285055824372685,0.014141707957839951,0.01899203808855089,0.20841731641532654,146.01790642922506
MC03,healthy,headmic,799,0.005909695752524272,0.38167604285969436,0.3757663471071701,0.08159699124599966,0.056891297481520456,0.11026233518868804,78.74392924847302
MC04,healthy,arraymic,991,0.37581523130081246,0.5121223417507542,0.1363071104499418,0.014239086916332537,0.019933713219002454,0.36008880264905674,138.96251939674633
MC04,healthy,headmic,629,0.5570481614347678,0.18025070396744738,-0.3767974574673203,0.11791019100216117,0.15501824995600547,0.5183990956987052,109.08516980814386
