speaker_id,speech_status,fold,n_recordings,hubert_accuracy,residual_accuracy,mean_p_dys_hubert,mean_p_dys_residual,mean_delta_p_dys,mean_abs_delta_p_dys,audio_duration_mean,audio_duration_median,audio_duration_std,voiced_duration_mean,voiced_duration_median,voiced_duration_std,speech_ratio_mean,speech_ratio_median,speech_ratio_std,pause_ratio_mean,pause_ratio_median,pause_ratio_std,number_of_pauses_mean,number_of_pauses_median,number_of_pauses_std,mean_pause_duration_mean,mean_pause_duration_median,mean_pause_duration_std,f0_mean_mean,f0_mean_median,f0_mean_std,f0_std_mean,f0_std_median,f0_std_std,rms_mean_mean,rms_mean_median,rms_mean_std,rms_std_mean,rms_std_median,rms_std_std
F01,dysarthria,1,236,0.9957627118644068,0.9957627118644068,0.9898721314019571,0.975899101106413,-0.013973030295544088,0.019796224275727498,2.430563294491525,1.65,2.093013023197729,1.3679126059322038,0.736,1.4942783456609277,0.5189982140342804,0.487014811749258,0.16727996937933626,0.48100178596571963,0.5129851882507421,0.16727996937933626,1.0084745762711864,0.0,1.8611173158027061,0.11085691784674835,0.0,0.18609261840038585,172.76586510669782,164.66123532418982,34.85550454259364,96.69060166333135,94.78248249402608,20.068523162912456,0.033325881255253854,0.0295887561514973,0.018315670724880724,0.04335697841341208,0.03661163523793215,0.01978509645256899
F03,dysarthria,2,1087,0.33670653173873044,0.5731370745170193,0.35096556733424716,0.5621642912141028,0.2111987238798556,0.3403519498212583,2.7466952046918123,1.95,6.074955607931263,2.2139639489420424,1.77,4.022114483635426,0.8599170153742055,0.9853881278538812,0.2260602733665837,0.14008298462579452,0.0146118721461186,0.2260602733665837,0.9052437902483901,0.0,9.039061952748819,0.04671499494503831,0.0,0.1279968536811066,134.69003897476316,132.2022207362188,36.33754208044136,86.22630471069427,83.31846650005845,27.333464312145246,0.023789731308427126,0.0162777546793222,0.02361738307488553,0.029370385851657865,0.0220707226544618,0.025196143788309377
F04,dysarthria,5,673,0.6092124814264487,0.1723625557206538,0.5961071223498269,0.19555808914271353,-0.40054903320711327,0.44651205569867625,3.2722476783060914,2.85,1.707040864079646,1.3879869056463596,0.768,1.1276371970998569,0.4201063039731009,0.374949494949495,0.23298904391734718,0.579893696026899,0.6250505050505051,0.23298904391734715,0.787518573551263,0.0,1.1408376960970643,0.15611553102667514,0.0,0.3605789139883287,130.66833775898837,130.5787022949445,31.17186540034716,86.82105441709204,84.31641455353986,22.470633490813047,0.056018812747957225,0.0313320942223072,0.05835742754757252,0.08793000738863586,0.0497794970870018,0.07416740362190194
FC01,healthy,4,302,0.7516556291390728,0.40728476821192056,0.27708940362148893,0.5723051112014794,0.2952157075799905,0.31857871674018945,3.585832574503311,3.3,0.9412199521561636,3.432792839403973,3.296,0.9647512338011255,0.9623233983787551,1.0,0.14025264504812224,0.03767660162124494,0.0,0.14025264504812224,0.15894039735099338,0.0,0.8861632198696104,0.01062579627877641,0.0,0.05647111252538784,102.77035819838973,102.08778643351454,26.90319583603652,62.604349087331556,57.257019501488344,23.948709868151482,0.021339107998677588,0.02016336377710095,0.018248622393776,0.026063111527446635,0.02170404791831965,0.018187525074148603
FC02,healthy,4,2187,0.881572930955647,0.8276177411979881,0.14194844486674021,0.23593445890159045,0.09398601403485021,0.1573485083787352,2.844898291037951,2.4,1.048249198152868,1.7884508744855967,1.92,0.9959839232211287,0.6416555269635908,0.6153846153846154,0.31449008574597653,0.35834447303640915,0.3846153846153846,0.31449008574597653,0.5948788294467307,0.0,1.2355408272550863,0.040562848948034136,0.0,0.11279456398144659,113.54088088990967,111.33261957535558,24.49592267540532,65.11058955563772,62.26233336306339,15.498549598896348,0.0355153176462968,0.0248661451041698,0.03237883121930879,0.05192029625765044,0.0331023633480072,0.03873241694448241
FC03,healthy,3,1922,0.4032258064516129,0.5535900104058272,0.5951429985098322,0.45534398197568193,-0.1397990165341501,0.2528795698344794,2.6019119406867848,2.172625,1.2579641147298881,2.0514061849635796,1.952,1.068563779982501,0.8032540228952499,0.96,0.2397148320036761,0.19674597710474998,0.04,0.2397148320036761,0.4630593132154006,0.0,1.0764327912146838,0.03819503493384867,0.0,0.11305607961204163,135.65401748841907,133.26994869459637,34.371487199751485,89.77240736827187,88.48027789446684,21.54857179459506,0.042272529166247984,0.03326561674475665,0.034977491738319585,0.052117285274373315,0.04279160127043714,0.03555544780267004
M01,dysarthria,3,743,0.9878869448183042,0.9609690444145357,0.9858726017944542,0.9360669168195511,-0.049805684974903126,0.052741767376000025,3.9514548283983855,2.85,7.000953819270893,1.8845276749663527,0.832,2.8721282772771883,0.42992865252106516,0.3971231138062332,0.17043618460137944,0.5700713474789348,0.6028768861937668,0.17043618460137944,0.9703903095558546,0.0,2.751953138021836,0.14991968269505276,0.0,0.2899217700826388,128.60560402593222,127.12939069183348,28.222505806411984,75.19841392695211,73.87743127446765,25.72150965618812,0.07350590534402934,0.0561254806816577,0.05551061354355958,0.10556130399513851,0.0947315990924835,0.06162556186998828
M02,dysarthria,1,772,0.9378238341968912,0.788860103626943,0.9292397681366438,0.7790502562710258,-0.15018951186561807,0.15840048292170383,3.674618118523316,2.665625,2.7187253495532246,1.8154521534974097,0.896,1.9165080520871167,0.4428987942153693,0.4147637666416022,0.15840962460671867,0.5571012057846306,0.5852362333583978,0.1584096246067187,1.5958549222797926,1.0,2.362676364926923,0.14927248801860202,0.096,0.20384659920718462,152.97428229950822,153.99273823724292,33.03240270649741,103.9707679598404,103.99148497071583,32.174911526818136,0.06883288370541878,0.05484673380851745,0.055930694494411536,0.09711605045881717,0.0844114534556865,0.05954501485950607
M03,dysarthria,4,810,0.37160493827160496,0.337037037037037,0.38413608857883214,0.37397436874366985,-0.010161719835162253,0.1788461427172849,3.1414403549382715,2.85,1.0477871905287053,1.123387654320988,0.672,0.905222994794515,0.3310612168239874,0.27246650906225367,0.16704682732996085,0.6689387831760126,0.7275334909377463,0.16704682732996085,0.3135802469135803,0.0,0.8366974170619326,0.042451627384960715,0.0,0.1915624969110955,107.51488288826606,106.68544448082956,22.12592318863509,70.20740091562854,67.7126462934931,25.47073071373345,0.041471221003060485,0.0347581785172224,0.030868396831960628,0.06822645698528859,0.06099085882306095,0.034361597831814854
M04,dysarthria,3,666,0.9894894894894894,0.8138138138138138,0.9867250687658071,0.8039445213119127,-0.18278054745389424,0.1883536812344315,4.313281249999999,2.6925,3.9105323896472086,2.9694475412912915,1.75,3.284107957625138,0.6695517167091714,0.6423731208409948,0.3164215001193461,0.3304482832908287,0.3576268791590051,0.31642150011934606,1.3213213213213213,0.0,2.9596883694006997,0.11052110210132375,0.0,0.2342595165117826,156.97306657968966,146.71042166323537,66.64059330278418,93.50311825746498,90.21749862392448,38.61638415662966,0.06394479234839923,0.059167085215449305,0.02796051072488123,0.09161119955919074,0.08911975845694535,0.03011029380055716
M05,dysarthria,2,587,0.9335604770017035,0.6746166950596252,0.9273925273871355,0.6533678740294908,-0.2740246533576447,0.32200060202366226,4.609467844974446,3.165,3.4885795679695524,3.007972636286201,2.032,2.7125525561637343,0.6403322872019618,0.5953488372093024,0.24274886434329315,0.3596677127980382,0.4046511627906975,0.24274886434329315,2.396933560477002,1.0,3.522844627131505,0.15247496465597424,0.096,0.217717143698911,132.2331457930447,127.27208541989869,35.0474417385312,92.7925790953669,93.3556635909753,34.94830052689974,0.08756292511762974,0.0433965735137462,0.08090333616250099,0.10592530274443805,0.0586191415786743,0.08305839576621026
MC01,healthy,1,2155,0.9155452436194895,0.7911832946635731,0.11207219840471654,0.25760973090501704,0.14553753250030055,0.1557579003554162,3.021906090487239,2.795,1.141764850564711,2.676315458236659,2.592,1.1844022529659004,0.8904664103409903,1.0,0.22048509431005142,0.10953358965900972,0.0,0.2204850943100514,0.4255220417633411,0.0,1.222809429351965,0.024531123632747762,0.0,0.08312752714800901,100.01835211358487,97.07308449717692,29.982602400637788,56.820783669311865,50.36028623000431,33.48317490170936,0.02140446036812043,0.0155639937147498,0.018977332269426203,0.026903916088531384,0.0192741751670837,0.018857465092060526
MC02,healthy,5,1123,0.6233303650934996,0.48619768477292963,0.384693546230722,0.5088991393360035,0.12420559310528162,0.28113142838609156,3.5395494768477294,3.15,0.9982397851670018,2.062568176758682,2.345,1.4159824243337011,0.5895003212547456,0.5104761904761905,0.38302052894714567,0.4104996787452543,0.4895238095238094,0.38302052894714567,0.41406945681211044,0.0,1.2779696821679438,0.04138761588663637,0.0,0.14919203234011022,93.16185033069289,95.14843629676147,24.184234616372645,50.46487608133527,51.15479019544208,33.091673568425215,0.035497901487667544,0.023336986079812,0.03995267169503261,0.04923205391337173,0.0366571806371212,0.03705576478981865
MC03,healthy,2,1669,0.9910125823846615,0.7789095266626722,0.01200253937634303,0.2611441193707536,0.24914157999441058,0.2530349369549346,2.118795536249251,1.675,1.0086292791336562,1.7615229553624927,1.568,0.9497963542124516,0.8385723959873602,0.9907514450867052,0.2374268364010655,0.16142760401263984,0.0092485549132947,0.2374268364010655,0.3091671659676453,0.0,0.8754819646800458,0.02694059174298839,0.0,0.08604763359351665,113.81185024742705,113.19553926798946,41.86602189073246,75.63150659376277,85.7951484712122,50.15857833209067,0.04643456077224355,0.0180345922708511,0.05180306060606519,0.03713554213587424,0.0218508839607238,0.030134424503295395
MC04,healthy,5,1620,0.5555555555555556,0.6296296296296297,0.44618283195158887,0.3832660083151369,-0.06291682363645197,0.3230643665775567,2.007501350308642,1.64,0.968647563048099,1.1942573302469137,0.736,0.850290565182554,0.5784438057903082,0.4977777777777777,0.23796522125622005,0.4215561942096918,0.5022222222222222,0.23796522125622005,0.16604938271604938,0.0,0.538988091792501,0.018119129923574367,0.0,0.07673774403137475,127.36199292067784,127.47172416968704,24.003593110065093,74.36468066889005,69.1597398519917,27.869474922411094,0.05449163288545983,0.02754866797477,0.06182040306855709,0.07238320310022153,0.03582789748907085,0.07051129162415491
