fold,condition,n_features_removed,accuracy,balanced_accuracy,macro_f1,auroc,sensitivity,specificity
1,hubert_original,0,0.9269680682895984,0.9334670662541892,0.9186026471939167,0.9857092218171104,0.9513888888888888,0.9155452436194895
1,residual_duration_only,1,0.9269680682895984,0.9387473299451258,0.9193173991786343,0.9872707435642472,0.9712301587301587,0.9062645011600928
1,residual_timing,4,0.864369269680683,0.8798710087283174,0.8531574417632963,0.9598444462858617,0.9226190476190477,0.837122969837587
1,residual_prosody,2,0.8981979133733797,0.9039049552535632,0.8872158486888732,0.9712927669134166,0.9196428571428571,0.8881670533642692
1,residual_energy,2,0.856465380967436,0.8590217931720252,0.841801216234081,0.9337580101646226,0.8660714285714286,0.8519721577726218
1,residual_all_acoustic,9,0.8058804932026558,0.814506454167127,0.7904232882341566,0.9050049718263176,0.8382936507936508,0.7907192575406032
2,hubert_original,0,0.7681723003290458,0.7685050964492005,0.7562276011335665,0.9303382075130657,0.5459976105137395,0.9910125823846615
2,residual_duration_only,1,0.7550104696380496,0.7553503947520067,0.7418061274903427,0.9071214278504717,0.5280764635603346,0.9826243259436789
2,residual_timing,4,0.7849237212084954,0.7851330717640465,0.7806989428168964,0.8986104042154605,0.6451612903225806,0.9251048532055123
2,residual_prosody,2,0.7448399641040981,0.7451977625589408,0.7295038822208202,0.8869600480474289,0.505973715651135,0.9844218094667465
2,residual_energy,2,0.769667962907568,0.7699412578662275,0.7618152713006143,0.8880259393122031,0.5872162485065711,0.9526662672258838
2,residual_all_acoustic,9,0.6930900388872271,0.69321730938693,0.6909061514570835,0.758565964638753,0.6081242532855436,0.7783103654883163
3,hubert_original,0,0.6508555989192435,0.6959351175622153,0.6384091602132871,0.9477048097963958,0.9886444286728177,0.4032258064516129
3,residual_duration_only,1,0.6535574902431702,0.6975187013173083,0.6422184023845319,0.9246692697236216,0.9829666430092264,0.4120707596253902
3,residual_timing,4,0.6367457220054038,0.680487929166522,0.6246901058854555,0.8902997602007018,0.964513839602555,0.3964620187304891
3,residual_prosody,2,0.7229060342239567,0.7507928073503987,0.7217140927388277,0.9088264161784395,0.9318665720369056,0.5697190426638917
3,residual_energy,2,0.6418492945061544,0.6870888719684443,0.628736925647569,0.9267869921989529,0.9808374733853797,0.39334027055150883
3,residual_all_acoustic,9,0.6961873311317922,0.7224304659580266,0.6951209541463894,0.8574608452131347,0.8928317955997161,0.5520291363163371
4,hubert_original,0,0.7444680206123068,0.6187072501723634,0.6265074868202553,0.6828467479130397,0.37160493827160496,0.8658095620731218
4,residual_duration_only,1,0.7432555319793877,0.6162381143698942,0.6239854818248967,0.6467856097694051,0.36666666666666664,0.8658095620731218
4,residual_timing,4,0.6847529554410428,0.5578967208805162,0.5595302285693744,0.5564568050037448,0.30864197530864196,0.8071514664523906
4,residual_prosody,2,0.7150651712640194,0.63128431766439,0.6269981255244298,0.6884186717854858,0.4666666666666667,0.7959019686621133
4,residual_energy,2,0.7011215519854501,0.5429276470792475,0.5438764612773423,0.5725215640174794,0.23209876543209876,0.8537565287263962
4,residual_all_acoustic,9,0.6698999696877842,0.557630611728643,0.5572606092423382,0.5873820117157469,0.337037037037037,0.778224186420249
5,hubert_original,0,0.5884074941451991,0.596257717198824,0.5315598740499813,0.631581997996792,0.6092124814264487,0.5833029529711994
5,residual_duration_only,1,0.5810889929742389,0.5709562474032239,0.5176310090798886,0.5915749883940697,0.5542347696879644,0.5876777251184834
5,residual_timing,4,0.5166861826697893,0.42040417347629166,0.4169218319962591,0.3776000940391833,0.26151560178306094,0.5792927451695224
5,residual_prosody,2,0.5781615925058547,0.5635268268980232,0.5130646732063482,0.5881972157684642,0.5393759286775631,0.5876777251184834
5,residual_energy,2,0.5263466042154566,0.43258674383368934,0.4267267416774536,0.37683440057333567,0.27786032689450224,0.5873131607728764
5,residual_all_acoustic,9,0.4915105386416862,0.3710883139521971,0.3803196930585707,0.2599462958258195,0.1723625557206538,0.5698140721837405
