reference_normalized,total_recordings,healthy_recordings,dysarthria_recordings,healthy_speakers,dysarthria_speakers,total_speakers
no,98,57,41,7,8,15
yes,95,60,35,7,8,15
one,49,33,16,7,8,15
go,28,13,15,7,8,15
up,41,25,16,7,7,14
rock,49,33,16,7,6,13
bad,41,25,16,6,7,13
right,39,24,15,7,6,13
down,35,23,12,7,6,13
here,23,11,12,6,7,13
play,21,11,10,7,6,13
beat,54,44,10,7,5,12
pat,49,40,9,7,5,12
feet,48,37,11,6,6,12
feed,45,36,9,7,5,12
read,45,37,8,7,5,12
meat,43,31,12,7,5,12
left,39,30,9,7,5,12
dark,37,22,15,7,5,12
park,37,25,12,7,5,12
bit,34,22,12,7,5,12
menu,29,19,10,6,6,12
swarm,29,18,11,7,5,12
corn,28,20,8,7,5,12
tip,25,18,7,7,5,12
snoop,21,11,10,6,6,12
range,20,12,8,7,5,12
trouble,20,12,8,7,5,12
urgent,20,12,8,7,5,12
weed,20,13,7,7,5,12
wish,20,13,7,7,5,12
whoop,17,11,6,7,5,12
him,56,34,22,6,5,11
four,45,34,11,6,5,11
six,44,38,6,6,5,11
shoot,40,27,13,5,6,11
two,40,32,8,7,4,11
sip,39,30,9,7,4,11
cake,37,29,8,6,5,11
storm,37,28,9,7,4,11
warm,34,22,12,7,4,11
and,32,20,12,6,5,11
sticks,31,24,7,7,4,11
forward,30,22,8,6,5,11
sheet,30,25,5,7,4,11
back,28,20,8,6,5,11
floor,27,20,7,7,4,11
tear,27,18,9,7,4,11
take,26,17,9,6,5,11
form,22,17,5,7,4,11
it was a good win for us,21,13,8,6,5,11
delta,20,13,7,7,4,11
jacket,20,13,7,7,4,11
loop,20,11,9,6,5,11
pretty,20,12,8,6,5,11
rocks,20,13,7,7,4,11
the misguided souls have lost their way,20,12,8,6,5,11
alpha,19,11,8,6,5,11
single,19,11,8,6,5,11
sleep,19,13,6,7,4,11
students watched as he got out,19,12,7,6,5,11
where were you while we were away,19,11,8,6,5,11
rave,18,10,8,6,5,11
share,18,13,5,7,4,11
sprinkle,18,10,8,6,5,11
stick,18,10,8,6,5,11
trade,18,10,8,6,5,11
troop,18,10,8,6,5,11
prior,17,11,6,7,4,11
rain,17,11,6,7,4,11
car,16,11,5,7,4,11
jagged,15,10,5,7,4,11
air,54,41,13,6,4,10
much,45,34,11,6,4,10
lip,42,34,8,6,4,10
leak,41,31,10,6,4,10
rake,40,35,5,7,3,10
seven,39,31,8,6,4,10
three,37,30,7,6,4,10
side,36,28,8,6,4,10
slip,36,22,14,5,5,10
spark,36,20,16,6,4,10
pit,30,22,8,6,4,10
boot,28,20,8,6,4,10
select,27,21,6,6,4,10
he dresses himself in an ancient black frock coat,24,16,8,7,3,10
this is not a program of socialized medicine,23,14,9,6,4,10
eight,22,14,8,5,5,10
heart,21,12,9,6,4,10
jungle,21,13,8,7,3,10
the books are very expensive,21,14,7,6,4,10
mike,20,12,8,6,4,10
usually minus several buttons,20,15,5,7,3,10
grow,19,15,4,7,3,10
hotel,19,13,6,6,4,10
store,19,15,4,7,3,10
the job provides many benefits,19,12,7,6,4,10
charlie,18,11,7,6,4,10
i expect well bounce back this week,18,11,7,6,4,10
i looked up and noticed two old men,18,11,7,6,4,10
i was conscious all the time,18,11,7,6,4,10
jane may earn more money by working hard,18,10,8,6,4,10
nothing has been done yet to take advantage of the enabling legislation,18,11,7,6,4,10
the quick brown fox jumps over the lazy dog,18,13,5,7,3,10
this was easy for us,18,11,7,6,4,10
yet he still thinks as swiftly as ever,18,13,5,7,3,10
a long flowing beard clings to his chin,17,12,5,7,3,10
echo,17,9,8,5,5,10
gadget,17,12,5,7,3,10
group,17,13,4,7,3,10
the islands are sparsely populated,17,11,6,6,4,10
we gathered shells on the beach,17,12,5,7,3,10
white,17,12,5,7,3,10
bright sunshine shimmers on the ocean,16,9,7,5,5,10
light,16,10,6,6,4,10
the prospect of cutting back spending is an unpleasant one for any governor,16,10,6,6,4,10
two other cases also were under advisement,16,11,5,6,4,10
we have often urged him to walk more and smoke less,16,12,4,7,3,10
youd be better off taking a cold shower,16,10,6,6,4,10
bubble,15,10,5,6,4,10
hum,15,7,8,5,5,10
trace,15,10,5,6,4,10
double,14,9,5,6,4,10
fat,39,32,7,6,3,9
five,38,33,5,6,3,9
chop,34,28,6,6,3,9
nine,34,29,5,6,3,9
spit,33,25,8,5,4,9
zero,33,28,5,6,3,9
ship,29,25,4,6,3,9
tile,29,25,4,6,3,9
seed,27,22,5,6,3,9
at,26,17,9,6,3,9
dread,26,19,7,6,3,9
suit,24,17,7,6,3,9
oscar,19,13,6,6,3,9
both injuries were to the same leg,18,14,4,6,3,9
fear,18,11,7,6,3,9
loyal,18,14,4,6,3,9
november,18,11,7,6,3,9
rich,18,12,6,6,3,9
shy,18,13,5,6,3,9
sigh,18,8,10,5,4,9
the museum hires musicians every evening,18,12,6,6,3,9
uniform,18,12,6,6,3,9
although always alone we survive,17,12,5,6,3,9
are your grades higher or lower than nancys,17,11,6,6,3,9
before thursdays exam review every formula,17,12,5,6,3,9
being able to dance can help too,17,12,5,6,3,9
carl lives in a lively home,17,12,5,6,3,9
fruit,17,10,7,5,4,9
horn,17,12,5,6,3,9
night after night they received annoying phone calls,17,12,5,6,3,9
people who value themselves are lifes winners,17,12,5,6,3,9
she is thinner than i am,17,11,6,5,4,9
start,17,11,6,6,3,9
victor,17,11,6,6,3,9
we have an excellent team,17,12,5,6,3,9
wicked,17,10,7,5,4,9
but he always answers banana oil,16,11,5,6,3,9
each one volunteered to jump first,16,12,4,6,3,9
explore,16,10,6,6,3,9
just one side got wet,16,11,5,6,3,9
nothing is as offensive as innocence,16,11,5,6,3,9
top,16,11,5,6,3,9
bear,15,7,8,4,5,9
fair,15,9,6,5,4,9
hate,15,8,7,4,5,9
if you destroy confidence in banks you do something to the economy he said,15,11,4,6,3,9
pot,15,9,6,5,4,9
raid,15,9,6,5,4,9
tango,15,11,4,6,3,9
the humidity is overwhelming there,15,11,4,6,3,9
the little schoolhouse stood empty,15,10,5,6,3,9
toot,15,9,6,5,4,9
train,15,9,6,5,4,9
twice each day he plays skillfully and with zest upon our small organ,15,11,4,6,3,9
everything went real smooth the sheriff said,14,10,4,6,3,9
juliet,14,9,5,5,4,9
lead,14,9,5,6,3,9
near,14,10,4,6,3,9
quebec,14,8,6,5,4,9
steer,14,10,4,6,3,9
youre used to being on the field,14,10,4,6,3,9
zip,14,10,4,6,3,9
dot,13,9,4,6,3,9
pay,12,7,5,5,4,9
sitting,11,7,4,5,4,9
hat,30,25,5,5,3,8
sin,24,19,5,5,3,8
goat,23,18,5,5,3,8
hark,15,10,5,5,3,8
their house is grey and white,15,9,6,5,3,8
thorn,15,9,6,5,3,8
mush,14,9,5,5,3,8
hitting,13,9,4,5,3,8
i feel i can play this weekend,13,7,6,5,3,8
league,13,9,4,5,3,8
part,13,8,5,5,3,8
glow,12,8,4,5,3,8
knitting,12,8,4,5,3,8
bug,11,6,5,4,4,8
lick,11,8,3,5,3,8
all the big baseball players get traded,12,7,5,4,3,7
root,12,7,5,4,3,7
sergeant,12,8,4,4,3,7
dart,11,6,5,4,3,7
seeds,11,6,5,4,3,7
fate,10,6,4,4,3,7
of,10,6,4,4,3,7
were,8,3,5,3,4,7
harp,10,5,5,3,3,6
peer,9,6,3,3,3,6
