speech_status,speaker_id,recordings,mean_wer,median_wer,mean_cer,median_cer,corpus_wer,corpus_cer
dysarthria,F01,7,8.941558441558442,1.0909090909090908,8.648395857016547,0.6730769230769231,17.185185185185187,15.755244755244755
dysarthria,F03,6,0.7777777777777777,1.0,0.49772727272727274,0.45,0.7272727272727273,0.29069767441860467
dysarthria,F04,6,0.16666666666666666,0.0,0.1388888888888889,0.0,0.06666666666666667,0.06756756756756757
dysarthria,M01,6,1.2380952380952381,1.0,50.07948717948718,0.8333333333333333,0.8333333333333334,14.85483870967742
dysarthria,M02,6,1.8333333333333333,1.5,1.4674603174603176,1.0,1.8333333333333333,1.121212121212121
dysarthria,M03,6,0.16666666666666666,0.0,0.06666666666666667,0.0,0.07692307692307693,0.031746031746031744
dysarthria,M04,6,0.9801587301587302,1.0,0.6345648604269295,0.646551724137931,0.9411764705882353,0.5434782608695652
dysarthria,M05,7,1.0,1.0,0.6666666666666666,0.6666666666666666,0.4666666666666667,0.2236842105263158
healthy,FC01,8,0.0,0.0,0.0,0.0,0.0,0.0
healthy,FC02,7,0.2857142857142857,0.0,0.13095238095238096,0.0,0.14285714285714285,0.046153846153846156
healthy,FC03,7,0.16666666666666666,0.0,0.04365079365079364,0.0,0.16666666666666666,0.046153846153846156
healthy,MC01,7,0.42857142857142855,0.0,0.26122448979591834,0.0,0.42857142857142855,0.20512820512820512
healthy,MC02,7,0.2857142857142857,0.0,0.1285714285714286,0.0,0.2857142857142857,0.10256410256410256
healthy,MC03,7,0.5714285714285714,0.0,0.4642857142857143,0.0,0.26666666666666666,0.09090909090909091
healthy,MC04,7,0.0,0.0,0.0,0.0,0.0,0.0
