dataset_index,speaker_id,speech_status,gender,reference,prediction,wer,cer
13914,F01,dysarthria,female,A long flowing beard clings to his chin, along for me a queen's king king king king king king king king king king king king king king king king king king king king king king king king king king king king king king king king king king king king king king king king king king king king king king king king king king king king king king king king king king king king king king king king king king king king king king king king king king king king king king king king king king king king king king king king king king king king king king king king king king king king king king king king king king king king king king king king king king king king king king king king king king king king king king king king king king king king king king king king king king king king king king king king king king king king king king king king king king king king king king king king king king king king king king king king king king king king king king king king king king king king king king king king king king king king king king king king king king king king king king king king king king king king king king king king king king king king king king king king king king king king king king king king king king king king king king king king king king king king king king king king king king king king king king king king king king king king king king king king king king king king king king king king king king king king king king king king king king king king king king king king king king king king king king king king king king king king king king king king king king king king king king king king king king king king king king king king king king king king king king king king king king king king king king king king king king king king king king king king king king king king king king king king king king king king king king king king king king king king king king king king king king king king king king king king king king king king king king king king king king king king king king king king king king king king king king king king king king king king king king king king king king king king king king king king king king king king king king king king king king king king king king king king king king king king king king king king king king king king king king,55.25,56.17948717948718
13152,M01,dysarthria,male,witty, What will it be?,4.0,2.4
11675,M02,dysarthria,male,yes," Yeah, that's true.",3.0,4.0
9026,MC03,healthy,male,gas, You got it.,3.0,3.0
11599,M02,dysarthria,male,pitting, There you go.,3.0,1.5714285714285714
11517,M05,dysarthria,male,left, It's the left.,2.0,2.0
13810,F01,dysarthria,female,torn, Come on.,2.0,1.25
11906,M02,dysarthria,male,double, Don't bow.,2.0,0.8333333333333334
13789,F01,dysarthria,female,Usually minus several buttons, I'm going to buy you several buttons.,1.25,0.5862068965517241
12573,M04,dysarthria,male,Will Robin wear a yellow lily, Wa Allah bani wa l-hayyi Ya Rabbi.,1.1666666666666667,0.7931034482758621
